"pred_inv","persub_max_ne","persub_min_ne","persub_avg_ne","persub_10_ptile_ne","persub_90_ptile_ne","frequency"
"http://dbpedia.org/ontology/similar","15","1","2.012448132780083","1.0","4.0","970"
"http://dbpedia.org/ontology/beatifiedBy","298","1","10.483516483516484","1.0","21.0","954"
"http://dbpedia.org/ontology/mayor","69","1","1.683453237410072","1.0","1.0","936"
"http://dbpedia.org/ontology/denomination","169","1","5.261363636363637","1.0","10.5","926"
"http://dbpedia.org/ontology/sisterNewspaper","14","1","1.7466410748560461","1.0","2.0","910"
"http://dbpedia.org/ontology/choreographer","42","1","2.932258064516129","1.0","5.100000000000023","909"
"http://dbpedia.org/ontology/firstAscentPerson","27","1","1.8183673469387756","1.0","3.1000000000000227","891"
"http://dbpedia.org/ontology/aircraftTransport","39","1","2.2794871794871794","1.0","4.0","889"
"http://dbpedia.org/ontology/splitFromParty","13","1","1.4564860426929394","1.0","3.0","887"
"http://dbpedia.org/ontology/derivative","12","1","1.9708520179372198","1.0","4.0","879"
"http://dbpedia.org/ontology/event","25","1","2.690625","1.0","6.0","861"
"http://dbpedia.org/ontology/politicalPartyOfLeader","43","1","2.3534246575342466","1.0","4.0","859"
"http://dbpedia.org/ontology/areaOfSearch","117","1","16.52","1.0","42.20000000000002","826"
"http://dbpedia.org/ontology/availableSmartCard","121","1","35.78260869565217","1.2000000000000002","88.8","823"
"http://dbpedia.org/ontology/gameArtist","30","1","2.433333333333333","1.0","6.0","803"
"http://dbpedia.org/ontology/mergedIntoParty","12","1","1.4981273408239701","1.0","3.0","800"
"http://dbpedia.org/ontology/firstRace","49","1","2.378787878787879","1.0","4.0","785"
"http://dbpedia.org/ontology/anthem","79","1","1.7139689578713968","1.0","2.0","773"
"http://dbpedia.org/ontology/category","246","1","7.888888888888889","1.0","17.200000000000003","781"
"http://dbpedia.org/ontology/ruralMunicipality","18","1","2.255072463768116","1.0","4.0","778"
"http://dbpedia.org/ontology/mythology","775","775","775.0","775.0","775.0","775"
"http://dbpedia.org/ontology/aircraftAttack","50","1","2.9922779922779923","1.0","6.0","775"
"http://dbpedia.org/ontology/destination","21","1","1.3725490196078431","1.0","2.0","770"
"http://dbpedia.org/ontology/lastRace","30","1","2.3282674772036476","1.0","5.0","766"
"http://dbpedia.org/ontology/musicSubgenre","5","1","1.29776247848537","1.0","2.0","754"
"http://dbpedia.org/ontology/prospectLeague","617","1","24.322580645161292","1.0","11.0","754"
"http://dbpedia.org/ontology/agency","71","1","4.56687898089172","1.0","10.400000000000006","717"
"http://dbpedia.org/ontology/aircraftTrainer","22","1","2.3322475570032575","1.0","5.0","716"
"http://dbpedia.org/ontology/mouthCountry","110","1","6.218181818181818","1.0","14.100000000000009","684"
"http://dbpedia.org/ontology/flagBearer","5","1","1.0809523809523809","1.0","1.0","681"
"http://dbpedia.org/ontology/canonizedBy","110","1","4.837037037037037","1.0","7.0","653"
"http://dbpedia.org/ontology/hasVariant","5","1","1.1833030852994555","1.0","2.0","652"
"http://dbpedia.org/ontology/musicFusionGenre","7","1","1.737265415549598","1.0","3.0","648"
"http://dbpedia.org/ontology/europeanAffiliation","111","1","9.333333333333334","1.0","21.600000000000037","644"
"http://dbpedia.org/ontology/currentPartner","2","1","1.0144927536231885","1.0","1.0","630"
"http://dbpedia.org/ontology/majorIsland","8","1","1.1015761821366024","1.0","1.0","629"
"http://dbpedia.org/ontology/twinTown","3","1","1.0364238410596027","1.0","1.0","626"
"http://dbpedia.org/ontology/constructionMaterial","145","1","7.046511627906977","1.0","11.5","606"
"http://dbpedia.org/ontology/varietals","52","1","3.4767441860465116","1.0","6.0","598"
"http://dbpedia.org/ontology/management","60","1","4.257142857142857","1.0","6.300000000000026","596"
"http://dbpedia.org/ontology/selection","526","1","36.4375","1.0","10.5","583"
"http://dbpedia.org/ontology/rector","5","1","1.047970479704797","1.0","1.0","568"
"http://dbpedia.org/ontology/branchFrom","15","1","2.5535714285714284","1.0","5.700000000000017","572"
"http://dbpedia.org/ontology/associationOfLocalGovernment","31","1","3.302325581395349","1.0","9.0","568"
"http://dbpedia.org/ontology/officialLanguage","106","1","2.984042553191489","1.0","4.0","561"
"http://dbpedia.org/ontology/island","6","1","1.042830540037244","1.0","1.0","560"
"http://dbpedia.org/ontology/aircraftPatrol","55","1","3.2470588235294118","1.0","4.0","552"
"http://dbpedia.org/ontology/launchSite","89","1","3.6533333333333333","1.0","6.0","548"
"http://dbpedia.org/ontology/nerve","18","1","2.555023923444976","1.0","5.0","534"
"http://dbpedia.org/ontology/dean","13","1","1.1022222222222222","1.0","1.0","496"
"http://dbpedia.org/ontology/isPartOfWineRegion","101","1","4.311475409836065","1.0","7.0","526"
"http://dbpedia.org/ontology/prospectTeam","18","1","4.0","1.0","13.0","520"
"http://dbpedia.org/ontology/secondCommander","51","1","1.6472491909385114","1.0","2.0","509"
"http://dbpedia.org/ontology/engineType","105","1","7.968253968253968","1.0","11.0","502"
"http://dbpedia.org/ontology/canonizedPlace","154","1","5.963855421686747","1.0","5.0","495"
"http://dbpedia.org/ontology/border","5","1","1.2755905511811023","1.0","2.0","486"
"http://dbpedia.org/ontology/artery","14","1","2.107142857142857","1.0","4.0","472"
"http://dbpedia.org/ontology/dam","5","1","1.208762886597938","1.0","2.0","469"
"http://dbpedia.org/ontology/house","80","1","1.3575581395348837","1.0","1.0","467"
"http://dbpedia.org/ontology/usingCountry","6","1","1.3208092485549132","1.0","2.0","457"
"http://dbpedia.org/ontology/photographer","69","1","7.030769230769231","1.0","20.400000000000013","457"
"http://dbpedia.org/ontology/originalLanguage","191","1","7.566666666666666","1.0","15.400000000000006","454"
"http://dbpedia.org/ontology/youthWing","4","1","1.111392405063291","1.0","1.0","439"
"http://dbpedia.org/ontology/teachingStaff","310","1","10.380952380952381","1.0","1.0","436"
"http://dbpedia.org/ontology/binomial","3","1","1.0091743119266054","1.0","1.0","440"
"http://dbpedia.org/ontology/subregion","5","1","1.4360655737704917","1.0","2.0","438"
"http://dbpedia.org/ontology/europeanParliamentGroup","60","1","6.838709677419355","1.0","29.99999999999997","424"
"http://dbpedia.org/ontology/viceChancellor","12","1","1.1304347826086956","1.0","1.0","416"
"http://dbpedia.org/ontology/championInDoubleFemale","9","1","1.5665399239543727","1.0","3.0","412"
"http://dbpedia.org/ontology/wineRegion","15","1","1.5992063492063493","1.0","3.0","403"
"http://dbpedia.org/ontology/aircraftRecon","19","1","1.6666666666666667","1.0","3.0","395"
"http://dbpedia.org/ontology/branchTo","3","1","1.1070422535211268","1.0","1.0","393"
"http://dbpedia.org/ontology/organisation","163","1","30.23076923076923","1.0","91.60000000000002","393"
"http://dbpedia.org/ontology/march","22","1","2.167630057803468","1.0","4.0","375"
"http://dbpedia.org/ontology/aircraftBomber","25","1","2.5472972972972974","1.0","6.0","377"
"http://dbpedia.org/ontology/borough","30","1","4.224719101123595","1.0","8.0","376"
"http://dbpedia.org/ontology/authority","46","1","2.3311258278145695","1.0","3.0","352"
"http://dbpedia.org/ontology/creativeDirector","65","1","1.962962962962963","1.0","2.200000000000017","371"
"http://dbpedia.org/ontology/legalForm","193","1","11.9","1.0","26.1","357"
"http://dbpedia.org/ontology/whaDraftTeam","32","2","13.96","3.0","24.6","349"
"http://dbpedia.org/ontology/unitaryAuthority","71","1","15.043478260869565","1.0","48.0","346"
"http://dbpedia.org/ontology/creatorOfDish","17","1","1.5114155251141552","1.0","2.0","331"
"http://dbpedia.org/ontology/aircraftHelicopter","12","1","2.1161290322580646","1.0","4.0","328"
"http://dbpedia.org/ontology/alliance","97","1","5.161290322580645","1.0","4.899999999999999","320"
"http://dbpedia.org/ontology/previousEditor","2","1","1.0132890365448506","1.0","1.0","305"
"http://dbpedia.org/ontology/brand","117","1","37.125","1.0","117.0","297"
"http://dbpedia.org/ontology/compiler","15","1","1.4676616915422886","1.0","2.0","295"
"http://dbpedia.org/ontology/vein","7","1","1.6333333333333333","1.0","3.0","294"
"http://dbpedia.org/ontology/schoolPatron","7","1","1.3661971830985915","1.0","2.8000000000000114","291"
"http://dbpedia.org/ontology/chairperson","26","1","1.1639344262295082","1.0","1.0","284"
"http://dbpedia.org/ontology/animal","8","1","1.3413461538461537","1.0","2.0","279"
"http://dbpedia.org/ontology/equipment","13","1","1.7933333333333332","1.0","3.0","269"
"http://dbpedia.org/ontology/opponent","3","1","1.073469387755102","1.0","1.0","263"
"http://dbpedia.org/ontology/supplies","5","1","1.3131313131313131","1.0","2.0","260"
"http://dbpedia.org/ontology/drainsTo","9","1","2.113821138211382","1.0","4.799999999999997","260"
"http://dbpedia.org/ontology/biome","56","1","3.158536585365854","1.0","6.0","259"
"http://dbpedia.org/ontology/secretaryGeneral","2","1","1.0284552845528456","1.0","1.0","253"
"http://dbpedia.org/ontology/rocketFunction","54","1","5.7272727272727275","1.0","7.700000000000003","252"
"http://dbpedia.org/ontology/administrativeCollectivity","10","1","2.2017543859649122","1.0","5.0","251"
"http://dbpedia.org/ontology/highestPlace","9","1","1.1210762331838564","1.0","1.0","250"
"http://dbpedia.org/ontology/patron","53","1","1.7428571428571429","1.0","2.0","244"
"http://dbpedia.org/ontology/fuelSystem","53","1","4.528301886792453","1.0","9.0","240"
"http://dbpedia.org/ontology/governorGeneral","8","1","2.6263736263736264","1.0","6.0","239"
"http://dbpedia.org/ontology/routeStartLocation","4","1","1.096774193548387","1.0","1.0","238"
"http://dbpedia.org/ontology/nrhpType","81","1","7.4375","1.0","20.900000000000023","238"
"http://dbpedia.org/ontology/headChef","3","1","1.0633484162895928","1.0","1.0","235"
"http://dbpedia.org/ontology/languageRegulator","20","1","1.4794520547945205","1.0","2.0","216"
"http://dbpedia.org/ontology/bodyDiscovered","8","1","1.1534653465346534","1.0","1.0","233"
"http://dbpedia.org/ontology/plant","11","1","1.3902439024390243","1.0","2.0","228"
"http://dbpedia.org/ontology/routeEndLocation","4","1","1.0754716981132075","1.0","1.0","228"
"http://dbpedia.org/ontology/countryOrigin","110","1","7.793103448275862","1.0","12.199999999999996","226"
"http://dbpedia.org/ontology/precursor","11","1","2.522727272727273","1.0","6.299999999999997","222"
"http://dbpedia.org/ontology/startPoint","3","1","1.0728155339805825","1.0","1.0","221"
"http://dbpedia.org/ontology/structuralSystem","31","1","2.066666666666667","1.0","3.0","217"
"http://dbpedia.org/ontology/endPoint","3","1","1.0483091787439613","1.0","1.0","217"
"http://dbpedia.org/ontology/alumni","2","1","1.0052631578947369","1.0","1.0","191"
"http://dbpedia.org/ontology/twinCountry","25","1","3.0714285714285716","1.0","6.0","215"
"http://dbpedia.org/ontology/championInSingleFemale","18","1","1.4859154929577465","1.0","2.0","211"
"http://dbpedia.org/ontology/administrativeDistrict","15","1","4.18","1.0","10.100000000000001","209"
"http://dbpedia.org/ontology/hasJunctionWith","6","1","1.5035971223021583","1.0","3.0","209"
"http://dbpedia.org/ontology/government","32","1","4.75","1.0","11.100000000000009","209"
"http://dbpedia.org/ontology/sourceConfluenceMountain","2","1","1.0353535353535352","1.0","1.0","205"
"http://dbpedia.org/ontology/sourceConfluencePlace","2","1","1.0353535353535352","1.0","1.0","205"
"http://dbpedia.org/ontology/maidenFlightRocket","7","1","1.3986013986013985","1.0","2.0","200"
"http://dbpedia.org/ontology/coachedTeam","2","1","1.0638297872340425","1.0","1.0","200"
"http://dbpedia.org/ontology/associatedAct","12","1","1.638655462184874","1.0","3.0","195"
"http://dbpedia.org/ontology/mainOrgan","27","1","1.496","1.0","2.0","187"
"http://dbpedia.org/ontology/powerType","440","1","12.27450980392157","1.0","22.400000000000034","4382"
"http://dbpedia.org/ontology/openingTheme","20","1","1.4310398025300832","1.0","2.0","4638"
"http://dbpedia.org/ontology/isPartOf","8636","1","20.589669496117033","1.0","38.0","912040"
"http://dbpedia.org/ontology/narrator","52","1","1.5534647550776584","1.0","2.0","5201"
"http://dbpedia.org/ontology/programmeFormat","1744","1","20.299905392620623","1.0","28.399999999999977","21457"
"http://dbpedia.org/ontology/layout","1420","1","58.018348623853214","1.0","102.60000000000005","6324"
"http://dbpedia.org/ontology/spokenIn","711","1","5.092097075295582","1.0","7.0","16366"
"http://dbpedia.org/ontology/innervates","3","1","1.130952380952381","1.0","2.0","190"
"http://dbpedia.org/ontology/sportCountry","26","1","4.794871794871795","1.0","17.60000000000001","187"
"http://dbpedia.org/ontology/vehicle","3","1","1.0755813953488371","1.0","1.0","185"
"http://dbpedia.org/ontology/principal","4","1","1.0723684210526316","1.0","1.0","163"
"http://dbpedia.org/ontology/openingFilm","2","1","1.0054945054945055","1.0","1.0","183"
"http://dbpedia.org/ontology/chiefEditor","2","1","1.0282485875706215","1.0","1.0","182"
"http://dbpedia.org/ontology/developer","455","1","3.1585078973899408","1.0","6.0","28196"
"http://dbpedia.org/ontology/recordedIn","1913","1","7.624380723615073","1.0","10.0","50786"
"http://dbpedia.org/ontology/map","9","1","1.5510204081632653","1.0","3.0","152"
"http://dbpedia.org/ontology/thirdCommander","8","1","1.2426470588235294","1.0","2.0","169"
"http://dbpedia.org/ontology/sportGoverningBody","9","1","1.5943396226415094","1.0","2.5","169"
"http://dbpedia.org/ontology/daylightSavingTimeZone","1936","1","173.22222222222223","1.0","491.2000000000018","4677"
"http://dbpedia.org/ontology/producer","632","1","4.362656490593827","1.0","8.0","260660"
"http://dbpedia.org/ontology/lowestPlace","67","1","2.128205128205128","1.0","2.0","166"
"http://dbpedia.org/ontology/blockAlloy","76","1","8.631578947368421","1.0","16.399999999999984","164"
"http://dbpedia.org/ontology/meetingRoad","5","1","1.1838235294117647","1.0","2.0","161"
"http://dbpedia.org/ontology/taoiseach","48","1","12.307692307692308","4.2","25.8","160"
"http://dbpedia.org/ontology/victim","13","1","1.4259259259259258","1.0","2.0","154"
"http://dbpedia.org/ontology/animator","173","1","9.841870824053451","1.0","22.19999999999999","4419"
"http://dbpedia.org/ontology/engineer","22","1","2.2388059701492535","1.0","3.3999999999999986","150"
"http://dbpedia.org/ontology/chain","10","1","1.844155844155844","1.0","3.0","142"
"http://dbpedia.org/ontology/sourceConfluence","5","1","1.0692307692307692","1.0","1.0","139"
"http://dbpedia.org/ontology/academicAdvisor","13","1","1.1966192170818506","1.0","2.0","1345"
"http://dbpedia.org/ontology/jointCommunity","5","1","1.2592592592592593","1.0","2.0","136"
"http://dbpedia.org/ontology/lowestMountain","67","1","2.375","1.0","1.5","133"
"http://dbpedia.org/ontology/maintainedBy","52","1","3.323943661971831","1.0","7.0","1652"
"http://dbpedia.org/ontology/headAlloy","57","1","14.777777777777779","1.0","34.60000000000001","133"
"http://dbpedia.org/ontology/closingFilm","2","1","1.0076335877862594","1.0","1.0","132"
"http://dbpedia.org/ontology/regionalLanguage","3","1","1.1111111111111112","1.0","1.0","130"
"http://dbpedia.org/ontology/retiredRocket","4","1","1.2169811320754718","1.0","2.0","129"
"http://dbpedia.org/ontology/coolingSystem","69","1","10.583333333333334","1.0","25.500000000000007","127"
"http://dbpedia.org/ontology/education","497","1","3.0780124819971197","1.0","5.0","25646"
"http://dbpedia.org/ontology/spokesperson","2","1","1.0427350427350428","1.0","1.0","122"
"http://dbpedia.org/ontology/railwayLineUsingTunnel","4","1","1.2688172043010753","1.0","2.0","118"
"http://dbpedia.org/ontology/voiceType","26","1","8.923076923076923","1.0","20.8","116"
"http://dbpedia.org/ontology/writer","269","1","3.4384154688569475","1.0","8.0","200941"
"http://dbpedia.org/ontology/rebuilder","8","1","1.9642857142857142","1.0","4.0","110"
"http://dbpedia.org/ontology/aircraftElectronic","11","1","1.8245614035087718","1.0","3.3999999999999986","104"
"http://dbpedia.org/ontology/significantBuilding","10","1","1.0645038167938932","1.0","1.0","2789"
"http://dbpedia.org/ontology/sales","1","1","1.0","1.0","1.0","1983"
"http://dbpedia.org/ontology/inflow","79","1","1.3237221494102227","1.0","2.0","4040"
"http://dbpedia.org/ontology/affiliation","514","1","3.5855474452554743","1.0","6.0","24561"
"http://dbpedia.org/ontology/thirdDriverCountry","25","1","4.714285714285714","1.0","13.0","99"
"http://dbpedia.org/ontology/firstDriverCountry","21","1","4.9","1.0","13.600000000000009","98"
"http://dbpedia.org/ontology/secondDriverCountry","26","1","5.388888888888889","1.0","15.000000000000007","97"
"http://dbpedia.org/ontology/ceo","5","1","1.2025316455696202","1.0","2.0","95"
"http://dbpedia.org/ontology/incumbent","2","1","1.0212765957446808","1.0","1.0","96"
"http://dbpedia.org/ontology/isPartOfAnatomicalStructure","10","1","2.4358974358974357","1.0","5.0","95"
"http://dbpedia.org/ontology/significantDesign","4","1","1.0561797752808988","1.0","1.0","94"
"http://dbpedia.org/ontology/oilSystem","81","1","13.285714285714286","1.0","36.60000000000002","93"
"http://dbpedia.org/ontology/principalEngineer","8","1","1.6727272727272726","1.0","3.0","92"
"http://dbpedia.org/ontology/lastWin","1","1","1.0","1.0","1.0","91"
"http://dbpedia.org/ontology/firstWin","1","1","1.0","1.0","1.0","91"
"http://dbpedia.org/ontology/poleDriverCountry","18","1","5.1875","1.0","12.5","83"
"http://dbpedia.org/ontology/drainsFrom","5","1","1.2769230769230768","1.0","2.0","83"
"http://dbpedia.org/ontology/jockey","4","1","1.3225806451612903","1.0","2.0","82"
"http://dbpedia.org/ontology/notableWine","5","1","1.1911764705882353","1.0","2.0","81"
"http://dbpedia.org/ontology/beltwayCity","3","1","1.0945945945945945","1.0","1.0","81"
"http://dbpedia.org/ontology/largestSettlement","3","1","1.0666666666666667","1.0","1.0","80"
"http://dbpedia.org/ontology/fastestDriverCountry","24","1","5.0","1.0","11.0","80"
"http://dbpedia.org/ontology/governor","32","1","2.1608695652173915","1.0","4.0","4473"
"http://dbpedia.org/ontology/genre","26452","1","42.707570252836064","1.0","27.0","575997"
"http://dbpedia.org/ontology/highestMountain","2","1","1.025974025974026","1.0","1.0","79"
"http://dbpedia.org/ontology/sisterCollege","2","1","1.0714285714285714","1.0","1.0","75"
"http://dbpedia.org/ontology/provost","3","1","1.0441176470588236","1.0","1.0","71"
"http://dbpedia.org/ontology/comparable","4","1","1.553191489361702","1.0","3.0","73"
"http://dbpedia.org/ontology/lastAppearance","28","1","1.8599078341013824","1.0","3.0","2018"
"http://dbpedia.org/ontology/era","498","1","19.17391304347826","1.0","23.0","1323"
"http://dbpedia.org/ontology/recentWinner","2","1","1.0298507462686568","1.0","1.0","69"
"http://dbpedia.org/ontology/homeArena","5","1","1.140724946695096","1.0","2.0","1070"
"http://dbpedia.org/ontology/aircraftHelicopterUtility","5","1","1.5454545454545454","1.0","3.0","68"
"http://dbpedia.org/ontology/pastor","7","1","1.441860465116279","1.0","2.0","62"
"http://dbpedia.org/ontology/associatedRocket","3","1","1.2264150943396226","1.0","2.0","65"
"http://dbpedia.org/ontology/curator","2","1","1.0317460317460319","1.0","1.0","65"
"http://dbpedia.org/ontology/lounge","9","1","1.641025641025641","1.0","3.200000000000003","64"
"http://dbpedia.org/ontology/operatingSystem","1782","1","15.410798122065728","1.0","12.0","13130"
"http://dbpedia.org/ontology/lymph","12","1","1.967741935483871","1.0","3.0","61"
"http://dbpedia.org/ontology/fourthCommander","3","1","1.1111111111111112","1.0","1.0","60"
"http://dbpedia.org/ontology/firstWinner","2","1","1.0350877192982457","1.0","1.0","59"
"http://dbpedia.org/ontology/chef","9","1","1.3181818181818181","1.0","1.7000000000000028","58"
"http://dbpedia.org/ontology/cinematography","215","1","5.2095400340715505","1.0","12.0","45870"
"http://dbpedia.org/ontology/mostWins","2","1","1.0363636363636364","1.0","1.0","57"
"http://dbpedia.org/ontology/championInMixedDouble","3","1","1.4473684210526316","1.0","3.0","55"
"http://dbpedia.org/ontology/mediaType","9625","1","99.92391304347827","1.0","21.500000000000085","18386"
"http://dbpedia.org/ontology/highwaySystem","4","1","1.7586206896551724","1.0","3.1999999999999993","51"
"http://dbpedia.org/ontology/aircraftInterceptor","4","1","1.3421052631578947","1.0","2.0","51"
"http://dbpedia.org/ontology/archipelago","534","1","7.146396396396397","1.0","12.0","3173"
"http://dbpedia.org/ontology/capital","18","1","1.5510817307692308","1.0","3.0","5162"
"http://dbpedia.org/ontology/computingPlatform","6186","1","37.67824238128986","1.0","31.0","53164"
"http://dbpedia.org/ontology/highschool","16","1","1.5625902744342801","1.0","3.0","6491"
"http://dbpedia.org/ontology/musicBy","37","1","2.018918918918919","1.0","4.0","1494"
"http://dbpedia.org/ontology/growingGrape","157","1","10.277777777777779","1.0","26.399999999999977","3330"
"http://dbpedia.org/ontology/picture","172","1","1.620899718837863","1.0","2.0","3459"
"http://dbpedia.org/ontology/headquarter","1403","1","4.976874177992109","1.0","6.0","45409"
"http://dbpedia.org/ontology/routeStart","35","1","1.3912507701786814","1.0","2.0","22580"
"http://dbpedia.org/ontology/thirdDriver","32","1","3.8979591836734695","1.0","9.800000000000011","1337"
"http://dbpedia.org/ontology/person","21","1","1.1917644242279148","1.0","1.0","4978"
"http://dbpedia.org/ontology/mouthMountain","111","1","1.6914591524683267","1.0","3.0","15487"
"http://dbpedia.org/ontology/railwayRollingStock","32","1","2.526610644257703","1.0","6.0","1804"
"http://dbpedia.org/ontology/deathCause","338","1","6.71039603960396","1.0","10.0","5422"
"http://dbpedia.org/ontology/lieutenant","5","1","1.144704433497537","1.0","2.0","1859"
"http://dbpedia.org/ontology/riverMouth","495","1","3.284585926280517","1.0","6.0","13723"
"http://dbpedia.org/ontology/formerCoach","59","1","3.811851851851852","1.0","9.0","2573"
"http://dbpedia.org/ontology/pictureFormat","1085","1","79.26760563380282","1.0","152.0","5628"
"http://dbpedia.org/ontology/currency","54","1","2.6122448979591835","1.0","5.0","1792"
"http://dbpedia.org/ontology/voice","176","1","2.303255047383601","1.0","4.0","11180"
"http://dbpedia.org/ontology/coach","58","1","3.0980139282950736","1.0","7.0","24022"
"http://dbpedia.org/ontology/targetAirport","23","1","1.8370750481077613","1.0","4.0","2864"
"http://dbpedia.org/ontology/language","24527","1","25.672528517110266","1.0","8.0","108030"
"http://dbpedia.org/ontology/influenced","49","1","1.4911420005451077","1.0","2.0","10942"
"http://dbpedia.org/ontology/regionServed","910","1","6.0542920029347025","1.0","8.0","16504"
"http://dbpedia.org/ontology/firstDriver","96","1","3.151852967761374","1.0","7.0","10461"
"http://dbpedia.org/ontology/locationCountry","6591","1","37.22487223168654","1.0","52.0","21851"
"http://dbpedia.org/ontology/kingdom","190092","1","5109.327586206897","1.0","2579.700000000006","296341"
"http://dbpedia.org/ontology/owningCompany","115","1","2.5014105698702274","1.0","4.0","13300"
"http://dbpedia.org/ontology/politicalPartyInLegislature","120","1","2.3339160839160837","1.0","3.0","4005"
"http://dbpedia.org/ontology/managerClub","91","1","3.824971779756679","1.0","9.0","60993"
"http://dbpedia.org/ontology/builder","606","1","7.886430969780762","1.0","16.0","39929"
"http://dbpedia.org/ontology/associatedBand","168","1","2.5825732353578537","1.0","5.0","131094"
"http://dbpedia.org/ontology/monarch","968","1","8.764305177111716","1.0","12.0","6433"
"http://dbpedia.org/ontology/ethnicity","634","1","5.880565371024735","1.0","9.0","8321"
"http://dbpedia.org/ontology/county","265","1","6.6502849002849","1.0","10.0","9337"
"http://dbpedia.org/ontology/champion","39","1","1.795942720763723","1.0","3.0","1505"
"http://dbpedia.org/ontology/network","1481","1","11.972005208333334","1.0","17.0","36778"
"http://dbpedia.org/ontology/followingEvent","39","1","1.046806822689409","1.0","1.0","5278"
"http://dbpedia.org/ontology/gameEngine","328","1","4.750410509031199","1.0","8.0","2893"
"http://dbpedia.org/ontology/stateOfOrigin","5979","1","24.893851132686084","1.0","31.0","38461"
"http://dbpedia.org/ontology/notableIdea","5","1","1.1282952548330405","1.0","2.0","1284"
"http://dbpedia.org/ontology/lieutenancyArea","135","1","26.883333333333333","1.0","82.80000000000001","1613"
"http://dbpedia.org/ontology/child","7","1","1.130966952264382","1.0","2.0","15708"
"http://dbpedia.org/ontology/municipality","52","1","2.054002541296061","1.0","4.0","3233"
"http://dbpedia.org/ontology/service","64","1","2.3471368489162083","1.0","4.0","7255"
"http://dbpedia.org/ontology/raceHorse","7","1","1.4377947043888284","1.0","2.0","3964"
"http://dbpedia.org/ontology/illustrator","32","1","1.7714776632302405","1.0","3.0","3093"
"http://dbpedia.org/ontology/associate","17","1","1.416867469879518","1.0","2.0","3528"
"http://dbpedia.org/ontology/termPeriod","1","1","1.0","1.0","1.0","148574"
"http://dbpedia.org/ontology/head","23","1","1.21968787515006","1.0","1.0","1016"
"http://dbpedia.org/ontology/isPartOfMilitaryConflict","618","1","6.05989110707804","1.0","11.0","13356"
"http://dbpedia.org/ontology/jurisdiction","1749","1","6.788643533123029","1.0","10.0","6456"
"http://dbpedia.org/ontology/mouthRegion","22","1","1.7175697865353037","1.0","3.0","1046"
"http://dbpedia.org/ontology/intercommunality","99","1","7.011617515638964","1.0","15.0","7846"
"http://dbpedia.org/ontology/currentMember","31","1","2.0979607419792257","1.0","5.0","318718"
"http://dbpedia.org/ontology/sport","1188","1","17.547904191616766","1.0","24.69999999999999","5861"
"http://dbpedia.org/ontology/stadium","10","1","1.177024482109228","1.0","2.0","2500"
"http://dbpedia.org/ontology/species","323","1","2.1790651744568796","1.0","4.0","3310"
"http://dbpedia.org/ontology/training","128","1","2.63115738886664","1.0","4.0","6570"
"http://dbpedia.org/ontology/fastestDriverTeam","266","1","10.504","1.0","23.200000000000017","1313"
"http://dbpedia.org/ontology/genus","1838","1","6.864138247438446","1.0","13.0","224423"
"http://dbpedia.org/ontology/doctoralStudent","3","1","1.037598126979755","1.0","1.0","7534"
"http://dbpedia.org/ontology/executiveProducer","162","1","2.237965979008324","1.0","4.0","12367"
"http://dbpedia.org/ontology/rival","6","1","1.1258922777417262","1.0","2.0","1735"
"http://dbpedia.org/ontology/locationCity","684","1","3.6482573726541556","1.0","5.0","27216"
"http://dbpedia.org/ontology/crosses","134","1","2.274320241691843","1.0","3.0","3764"
"http://dbpedia.org/ontology/hybrid","161","1","3.842315369261477","1.0","7.0","1925"
"http://dbpedia.org/ontology/domain","1511","1","220.7058823529412","1.0","719.8000000000002","3752"
"http://dbpedia.org/ontology/binomialAuthority","5076","1","10.159847936278059","1.0","14.0","112246"
"http://dbpedia.org/ontology/bandMember","155","1","1.2112628275803579","1.0","2.0","28564"
"http://dbpedia.org/ontology/occupation","11695","1","2.000710155219641","1.0","1.0","335257"
"http://dbpedia.org/ontology/doctoralAdvisor","21","1","1.4286029574045465","1.0","2.0","6473"
"http://dbpedia.org/ontology/sourcePlace","153","1","1.9360629921259842","1.0","2.0","6147"
"http://dbpedia.org/ontology/parentMountainPeak","57","1","2.2731397459165152","1.0","4.0","2505"
"http://dbpedia.org/ontology/governingBody","2706","1","6.839822024471635","1.0","4.0","6149"
"http://dbpedia.org/ontology/campus","3342","1","3.5346534653465347","1.0","2.0","8568"
"http://dbpedia.org/ontology/metropolitanBorough","106","1","20.6056338028169","1.0","51.0","1463"
"http://dbpedia.org/ontology/university","95","1","2.4262152777777777","1.0","4.0","2795"
"http://dbpedia.org/ontology/channel","672","1","8.255813953488373","1.0","13.0","15265"
"http://dbpedia.org/ontology/philosophicalSchool","236","1","3.141141141141141","1.0","5.0","2092"
"http://dbpedia.org/ontology/club","72","1","3.288470372071658","1.0","8.0","7159"
"http://dbpedia.org/ontology/manufacturer","1264","1","7.144763042612505","1.0","10.900000000000546","35881"
"http://dbpedia.org/ontology/bodyStyle","1646","1","34.438162544169614","1.0","43.400000000000034","9746"
"http://dbpedia.org/ontology/championInDoubleMale","23","1","2.3587962962962963","1.0","5.0","2038"
"http://dbpedia.org/ontology/country","112336","1","217.90764872521245","1.0","39.0","769214"
"http://dbpedia.org/ontology/placeOfBurial","15","1","1.512405609492988","1.0","2.0","1402"
"http://dbpedia.org/ontology/outflow","68","1","1.422725466825586","1.0","2.0","3581"
"http://dbpedia.org/ontology/leaderName","447","1","2.2274749015122635","1.0","2.0","17528"
"http://dbpedia.org/ontology/composer","112","1","2.739390642002176","1.0","6.0","15105"
"http://dbpedia.org/ontology/notableStudent","8","1","1.0643745427944404","1.0","1.0","1455"
"http://dbpedia.org/ontology/arrondissement","312","1","18.28488372093023","1.0","59.0","9435"
"http://dbpedia.org/ontology/nextEvent","3","1","1.0052194543297746","1.0","1.0","4237"
"http://dbpedia.org/ontology/militaryBranch","4803","1","19.52910798122066","1.0","14.0","41597"
"http://dbpedia.org/ontology/part","38","1","1.0305674191580232","1.0","1.0","16891"
"http://dbpedia.org/ontology/leaderParty","294","1","9.430141287284144","1.0","17.399999999999977","6007"
"http://dbpedia.org/ontology/team","2852","1","34.34630523325461","1.0","64.0","2006992"
"http://dbpedia.org/ontology/poleDriver","68","1","6.445544554455446","1.0","18.0","1302"
"http://dbpedia.org/ontology/appointer","337","1","3.635955056179775","1.0","5.0","1618"
"http://dbpedia.org/ontology/childOrganisation","4","1","1.0640904806786051","1.0","1.0","1129"
"http://dbpedia.org/ontology/chairman","27","1","2.096696696696697","1.0","5.0","6982"
"http://dbpedia.org/ontology/parentCompany","139","1","1.9439372096748357","1.0","4.0","12136"
"http://dbpedia.org/ontology/birthPlace","25277","1","10.432164863045617","1.0","9.0","1007382"
"http://dbpedia.org/ontology/formerBroadcastNetwork","380","1","8.404809619238478","1.0","12.0","4194"
"http://dbpedia.org/ontology/related","73","1","1.9461241191179814","1.0","4.0","17122"
"http://dbpedia.org/ontology/institution","142","1","2.1990243902439026","1.0","3.0","2254"
"http://dbpedia.org/ontology/nonFictionSubject","193","1","2.4328125","1.0","4.0","7785"
"http://dbpedia.org/ontology/secondDriver","43","1","4.608247422680412","1.0","13.0","1341"
"http://dbpedia.org/ontology/thirdTeam","251","1","9.244755244755245","1.0","19.0","1322"
"http://dbpedia.org/ontology/formerTeam","1163","1","16.825922421948913","1.0","22.0","106710"
"http://dbpedia.org/ontology/deathPlace","7044","1","6.98093813732155","1.0","6.0","256724"
"http://dbpedia.org/ontology/phylum","135696","1","816.27","1.0","168.9000000000002","244881"
"http://dbpedia.org/ontology/mountainRange","2702","1","7.073487031700288","1.0","11.0","14727"
"http://dbpedia.org/ontology/broadcastArea","276","1","4.144090188479831","1.0","10.0","23526"
"http://dbpedia.org/ontology/promotion","215","1","20.419354838709676","1.0","77.19999999999999","1266"
"http://dbpedia.org/ontology/college","141","1","5.768553459119497","1.0","14.0","13758"
"http://dbpedia.org/ontology/knownFor","100","1","1.3923184482194388","1.0","2.0","46800"
"http://dbpedia.org/ontology/breeder","56","1","2.326223337515684","1.0","4.0","1854"
"http://dbpedia.org/ontology/grades","2980","1","26.07246376811594","1.0","23.0","5397"
"http://dbpedia.org/ontology/album","30","1","2.136347533433708","1.0","4.0","48243"
"http://dbpedia.org/ontology/lyrics","34","1","1.9469548133595285","1.0","3.0","1982"
"http://dbpedia.org/ontology/recordLabel","8701","1","12.79654859218892","1.0","14.0","281780"
"http://dbpedia.org/ontology/sourceMountain","153","1","1.9360629921259842","1.0","2.0","6147"
"http://dbpedia.org/ontology/magazine","141","1","7.082","1.0","19.0","3541"
"http://dbpedia.org/ontology/automobilePlatform","85","1","4.689295039164491","1.0","11.0","1796"
"http://dbpedia.org/ontology/successor","166","1","1.2392432831606612","1.0","2.0","114112"
"http://dbpedia.org/ontology/presenter","115","1","1.6984256559766764","1.0","3.0","14564"
"http://dbpedia.org/ontology/soundRecording","1","1","1.0","1.0","1.0","10943"
"http://dbpedia.org/ontology/citizenship","1377","1","11.309314586994727","1.0","19.0","6435"
"http://dbpedia.org/ontology/region","1355","1","5.61025378483142","1.0","7.0","76709"
"http://dbpedia.org/ontology/profession","2695","1","8.215489989462592","1.0","7.0","15593"
"http://dbpedia.org/ontology/militaryRank","209","1","8.105947955390334","1.0","15.0","4361"
"http://dbpedia.org/ontology/manager","36","1","2.0137802172135935","1.0","4.0","17244"
"http://dbpedia.org/ontology/typeOfElectrification","170","1","23.166666666666668","1.0","78.0","1251"
"http://dbpedia.org/ontology/mission","10","1","3.7245657568238215","1.0","7.0","1501"
"http://dbpedia.org/ontology/founder","14","1","1.0773442847364818","1.0","1.0","1574"
"http://dbpedia.org/ontology/designer","82","1","2.241730279898219","1.0","5.0","10572"
"http://dbpedia.org/ontology/frazioni","4","1","1.0176211453744493","1.0","1.0","1386"
"http://dbpedia.org/ontology/editing","247","1","3.6188925081433223","1.0","7.0","31108"
"http://dbpedia.org/ontology/athletics","356","1","5.077881619937695","1.0","5.0","1630"
"http://dbpedia.org/ontology/owningOrganisation","1186","1","22.120805369127517","1.0","53.5","13184"
"http://dbpedia.org/ontology/distributingCompany","74","1","3.186046511627907","1.0","6.199999999999989","1781"
"http://dbpedia.org/ontology/sisterStation","43","1","2.761353711790393","1.0","6.0","37941"
"http://dbpedia.org/ontology/league","1852","1","7.574003003504088","1.0","14.0","45391"
"http://dbpedia.org/ontology/literaryGenre","3616","1","18.37641866330391","1.0","19.0","29145"
"http://dbpedia.org/ontology/field","3321","1","6.579956696566656","1.0","8.0","42546"
"http://dbpedia.org/ontology/subsequentWork","13","1","1.04700630596379","1.0","1.0","159725"
"http://dbpedia.org/ontology/influencedBy","186","1","2.3129386181674407","1.0","4.0","23400"
"http://dbpedia.org/ontology/draftTeam","308","1","61.64071856287425","1.0","193.40000000000003","10294"
"http://dbpedia.org/ontology/foundedBy","40","1","1.1201117318435754","1.0","1.0","12832"
"http://dbpedia.org/ontology/engine","1","1","1.0","1.0","1.0","10463"
"http://dbpedia.org/ontology/countySeat","2","1","1.0009956853634252","1.0","1.0","3016"
"http://dbpedia.org/ontology/place","323","1","2.4124056999161776","1.0","3.0","25902"
"http://dbpedia.org/ontology/artist","305","1","4.672154639831858","1.0","11.0","146715"
"http://dbpedia.org/ontology/previousWork","11","1","1.0535930735930736","1.0","1.0","158197"
"http://dbpedia.org/ontology/fastestDriver","77","1","5.617647058823529","1.0","16.30000000000001","1337"
"http://dbpedia.org/ontology/leaderFunction","1","1","1.0","1.0","1.0","21598"
"http://dbpedia.org/ontology/secondTeam","281","1","9.579710144927537","1.0","25.0","1322"
"http://dbpedia.org/ontology/musicalBand","140","1","4.527679433537174","1.0","11.0","56270"
"http://dbpedia.org/ontology/owner","1190","1","3.3163237160037515","1.0","4.0","60115"
"http://dbpedia.org/ontology/publisher","863","1","5.930892448512586","1.0","7.0","64795"
"http://dbpedia.org/ontology/formerBandMember","44","1","1.2804154302670623","1.0","2.0","25890"
"http://dbpedia.org/ontology/schoolBoard","105","1","4.6206030150753765","1.0","10.0","1839"
"http://dbpedia.org/ontology/colour","2376","1","25.624161073825505","1.0","17.30000000000001","7636"
"http://dbpedia.org/ontology/veneratedIn","2330","1","18.295620437956206","1.0","14.700000000000017","5013"
"http://dbpedia.org/ontology/formerChoreographer","62","1","4.319444444444445","1.0","9.0","1244"
"http://dbpedia.org/ontology/largestCity","15","1","1.0343222803955787","1.0","1.0","3556"
"http://dbpedia.org/ontology/gender","1838","1","65.32432432432432","1.0","53.300000000000026","4834"
"http://dbpedia.org/ontology/leader","66","1","1.2233733941152092","1.0","2.0","8856"
"http://dbpedia.org/ontology/relation","16","1","1.2256249182044234","1.0","2.0","9365"
"http://dbpedia.org/ontology/district","552","1","12.594465141032464","1.0","30.0","47330"
"http://dbpedia.org/ontology/sourceCountry","2470","1","35.365650969529085","1.0","41.0","12767"
"http://dbpedia.org/ontology/parent","63","1","1.506317552138834","1.0","3.0","29685"
"http://dbpedia.org/ontology/battle","11333","1","10.492590608819853","1.0","12.0","117538"
"http://dbpedia.org/ontology/school","77","1","3.180169971671388","1.0","7.0","5613"
"http://dbpedia.org/ontology/creator","367","1","2.7936818275365303","1.0","5.0","27149"
"http://dbpedia.org/ontology/beatifiedPlace","259","1","5.272340425531915","1.0","3.5999999999999943","1239"
"http://dbpedia.org/ontology/nationalAffiliation","27","1","2.4741532976827094","1.0","5.0","1388"
"http://dbpedia.org/ontology/religion","5228","1","26.16400206291903","1.0","17.0","50732"
"http://dbpedia.org/ontology/parentOrganisation","98","1","1.9471830985915493","1.0","3.0","3318"
"http://dbpedia.org/ontology/nationality","26722","1","51.4477729601892","1.0","37.0","130523"
"http://dbpedia.org/ontology/subsidiary","6","1","1.0479591836734694","1.0","1.0","5135"
"http://dbpedia.org/ontology/formerPartner","4","1","1.2486772486772486","1.0","2.0","1652"
"http://dbpedia.org/ontology/programmingLanguage","1224","1","14.090909090909092","1.0","10.0","6355"
"http://dbpedia.org/ontology/president","823","1","3.6550068587105624","1.0","6.0","15987"
"http://dbpedia.org/ontology/city","709","1","2.924266846921797","1.0","5.0","112479"
"http://dbpedia.org/ontology/origin","2206","1","14.654901960784313","1.0","10.600000000000023","11211"
"http://dbpedia.org/ontology/primeMinister","268","1","5.2420501309390195","1.0","11.0","14012"
"http://dbpedia.org/ontology/primaryFuelType","3068","3068","3068.0","3068.0","3068.0","3068"
"http://dbpedia.org/ontology/governmentType","2096","1","13.37542662116041","1.0","14.400000000000091","11757"
"http://dbpedia.org/ontology/stylisticOrigin","75","1","3.794577685088634","1.0","7.0","3639"
"http://dbpedia.org/ontology/leftTributary","3","1","1.004532863258625","1.0","1.0","3989"
"http://dbpedia.org/ontology/championInSingleMale","23","1","1.990272373540856","1.0","4.0","1023"
"http://dbpedia.org/ontology/neighboringMunicipality","19","1","5.129151291512915","2.0","8.0","16680"
"http://dbpedia.org/ontology/locatedInArea","1618","1","6.9955650929899855","1.0","7.0","48899"
"http://dbpedia.org/ontology/department","739","1","95.32156862745099","1.0","306.19999999999993","24307"
"http://dbpedia.org/ontology/company","424","1","4.279552715654952","1.0","8.0","18753"
"http://dbpedia.org/ontology/commander","86","1","1.9312943962115232","1.0","4.0","48939"
"http://dbpedia.org/ontology/territory","23","1","1.2557200538358009","1.0","2.0","2799"
"http://dbpedia.org/ontology/chancellor","42","1","1.7750294464075382","1.0","3.0","1507"
"http://dbpedia.org/ontology/basedOn","22","1","1.2481460353679408","1.0","2.0","4376"
"http://dbpedia.org/ontology/routeEnd","55","1","1.329748021028461","1.0","2.0","22006"
"http://dbpedia.org/ontology/homeport","53","1","3.224967490247074","1.0","7.0","2480"
"http://dbpedia.org/ontology/aircraftFighter","38","1","3.7410468319559227","1.0","9.800000000000011","1358"
"http://dbpedia.org/ontology/significantProject","13","1","1.1279737489745694","1.0","1.0","1375"
"http://dbpedia.org/ontology/languageFamily","1118","1","11.932367149758454","1.0","21.0","22230"
"http://dbpedia.org/ontology/hubAirport","38","1","2.3479604449938196","1.0","5.0","3799"
"http://dbpedia.org/ontology/restingPlace","1279","1","2.9627918287937742","1.0","5.0","24366"
"http://dbpedia.org/ontology/ground","700","1","2.1776281449003028","1.0","3.0","41719"
"http://dbpedia.org/ontology/almaMater","2838","1","8.974674039183562","1.0","13.0","131470"
"http://dbpedia.org/ontology/premierePlace","128","1","2.687248322147651","1.0","4.0","2002"
"http://dbpedia.org/ontology/lake","1","1","1.0","1.0","1.0","2406"
"http://dbpedia.org/ontology/editor","11","1","1.1122059119243917","1.0","1.0","5531"
"http://dbpedia.org/ontology/trainer","97","1","3.209075487701442","1.0","7.0","7567"
"http://dbpedia.org/ontology/director","278","1","3.759881631790319","1.0","8.0","124516"
"http://dbpedia.org/ontology/goldMedalist","23","1","1.2840538336052203","1.0","2.0","6297"
"http://dbpedia.org/ontology/employer","182","1","1.6882016036655212","1.0","2.0","7369"
"http://dbpedia.org/ontology/debutTeam","873","1","34.20083102493075","1.0","83.49999999999989","24693"
"http://dbpedia.org/ontology/majorShrine","59","1","1.4054747647562018","1.0","2.0","1643"
"http://dbpedia.org/ontology/servingRailwayLine","109","1","4.953268928330712","1.0","13.0","22047"
"http://dbpedia.org/ontology/careerStation","1","1","1.0","1.0","1.0","977021"
"http://dbpedia.org/ontology/notableCommander","78","1","1.3870039070532594","1.0","2.0","6745"
"http://dbpedia.org/ontology/ethnicGroup","94","1","3.029689608636977","1.0","4.0","2245"
"http://dbpedia.org/ontology/showJudge","10","1","1.2475","1.0","2.0","2495"
"http://dbpedia.org/ontology/relatedMeanOfTransportation","57","1","2.932806324110672","1.0","6.0","8904"
"http://dbpedia.org/ontology/councilArea","681","1","53.7906976744186","1.0","98.00000000000001","2313"
"http://dbpedia.org/ontology/translator","17","1","1.7168405365126678","1.0","3.0","1152"
"http://dbpedia.org/ontology/secondLeader","15","1","1.6101159114857746","1.0","3.0","3056"
"http://dbpedia.org/ontology/musicComposer","545","1","4.252998639792259","1.0","7.0","68788"
"http://dbpedia.org/ontology/mouthPlace","111","1","1.6914591524683267","1.0","3.0","15487"
"http://dbpedia.org/ontology/format","12937","1","95.41217798594847","1.0","51.700000000000045","81482"
"http://dbpedia.org/ontology/tenant","27","1","1.1948624247635427","1.0","2.0","11117"
"http://dbpedia.org/ontology/spouse","85","1","1.077305308849987","1.0","1.0","37724"
"http://dbpedia.org/ontology/architect","177","1","2.316419832582099","1.0","4.0","17987"
"http://dbpedia.org/ontology/notableWork","21","1","1.035004585753592","1.0","1.0","6771"
"http://dbpedia.org/ontology/family","15267","1","33.075930397135956","1.0","44.0","397275"
"http://dbpedia.org/ontology/firstLeader","26","1","1.9648600357355568","1.0","4.0","3299"
"http://dbpedia.org/ontology/residence","2676","1","4.477252164921804","1.0","5.0","69281"
"http://dbpedia.org/ontology/movement","253","1","4.017665952890792","1.0","6.0","7505"
"http://dbpedia.org/ontology/operator","521","1","3.412015702338283","1.0","5.0","19991"
"http://dbpedia.org/ontology/assembly","266","1","7.514167954662545","1.0","17.0","14585"
"http://dbpedia.org/ontology/honours","324","1","2.4090202177293936","1.0","2.0","1549"
"http://dbpedia.org/ontology/bronzeMedalist","5","1","1.116331096196868","1.0","1.0","5988"
"http://dbpedia.org/ontology/order","89371","1","141.31436530043771","1.0","94.80000000000018","355123"
"http://dbpedia.org/ontology/silverMedalist","5","1","1.1540909941958435","1.0","2.0","6164"
"http://dbpedia.org/ontology/party","13768","1","14.240058195926284","1.0","13.0","88089"
"http://dbpedia.org/ontology/firstDriverTeam","262","1","10.6","1.0","22.0","1325"
"http://dbpedia.org/ontology/federalState","1141","1","184.76","1.4000000000000004","657.8000000000005","4619"
"http://dbpedia.org/ontology/predecessor","83","1","1.1957900653035007","1.0","2.0","89359"
"http://dbpedia.org/ontology/timeZone","60293","1","964.774936061381","1.0","615.0","377227"
"http://dbpedia.org/ontology/principalArea","243","1","26.753424657534246","1.0","74.8","1953"
"http://dbpedia.org/ontology/foundationPlace","1080","1","3.6680790960451977","1.0","5.0","12985"
"http://dbpedia.org/ontology/distributingLabel","74","1","3.186046511627907","1.0","6.199999999999989","1781"
"http://dbpedia.org/ontology/race","408","1","9.121886903017872","1.0","22.800000000000182","31133"
"http://dbpedia.org/ontology/routeJunction","109","1","1.7074986010072748","1.0","3.0","30513"
"http://dbpedia.org/ontology/distributor","3606","1","9.213772536261352","1.0","10.0","67970"
"http://dbpedia.org/ontology/division","45778","1","41.534713763702804","1.0","2.0","68200"
"http://dbpedia.org/ontology/usedInWar","868","1","6.998552821997106","1.0","11.0","4836"
"http://dbpedia.org/ontology/militaryUnit","146","1","2.805384743227522","1.0","5.0","16880"
"http://dbpedia.org/ontology/nationalTeam","104","1","28.548780487804876","2.0","66.70000000000002","4682"
"http://dbpedia.org/ontology/relative","76","1","1.367847882454624","1.0","2.0","15826"
"http://dbpedia.org/ontology/season","91","1","3.445075757575758","1.0","9.0","10914"
"http://dbpedia.org/ontology/otherParty","151","1","2.905701754385965","1.0","5.0","3975"
"http://dbpedia.org/ontology/architecturalStyle","3001","1","26.376048817696415","1.0","23.0","34579"
"http://dbpedia.org/ontology/position","38648","1","82.3012666894899","1.0","18.0","240402"
"http://dbpedia.org/ontology/hometown","6520","1","7.818846056941295","1.0","7.0","93099"
"http://dbpedia.org/ontology/class","128849","1","121.15329835082458","1.0","37.0","323237"
"http://dbpedia.org/ontology/canton","386","1","5.458179581795818","1.0","11.0","8875"
"http://dbpedia.org/ontology/poleDriverTeam","232","1","11.342105263157896","1.0","24.80000000000001","1293"
"http://dbpedia.org/ontology/homeStadium","130","1","4.383066903493191","1.0","10.0","7403"
"http://dbpedia.org/ontology/grandsire","186","1","4.5054945054945055","1.0","8.300000000000068","3280"
"http://dbpedia.org/ontology/sourceRegion","22","1","1.726896551724138","1.0","3.0","1252"
"http://dbpedia.org/ontology/industry","3927","1","7.816498815165877","1.0","8.0","52777"
"http://dbpedia.org/ontology/sire","43","1","2.351289833080425","1.0","5.0","3099"
"http://dbpedia.org/ontology/localAuthority","58","1","5.273127753303965","1.0","12.0","2394"
"http://dbpedia.org/ontology/personFunction","1","1","1.0","1.0","1.0","4473"
"http://dbpedia.org/ontology/museum","103","1","3.564814814814815","1.0","7.0","3465"
"http://dbpedia.org/ontology/vicePresident","18","1","1.1916666666666667","1.0","2.0","1001"
"http://dbpedia.org/ontology/type","54059","1","27.67591130637743","1.0","20.0","403155"
"http://dbpedia.org/ontology/academicDiscipline","189","1","4.103567888999009","1.0","7.0","8281"
"http://dbpedia.org/ontology/associatedMusicalArtist","168","1","2.5828538776796974","1.0","5.0","131085"
"http://dbpedia.org/ontology/state","2691","1","23.744553376906318","1.0","14.0","43595"
"http://dbpedia.org/ontology/designCompany","82","1","3.3173913043478263","1.0","7.0","1526"
"http://dbpedia.org/ontology/keyPerson","2675","1","1.9628287048414843","1.0","1.0","31947"
"http://dbpedia.org/ontology/billed","58","1","2.447004608294931","1.0","5.0","2124"
"http://dbpedia.org/ontology/license","2223","1","21.669584245076585","1.0","18.0","9903"
"http://dbpedia.org/ontology/starring","497","1","4.049287001188332","1.0","9.0","422535"
"http://dbpedia.org/ontology/saint","55","1","2.460880195599022","1.0","4.0","2013"
"http://dbpedia.org/ontology/deputy","7","1","1.2125534950071326","1.0","2.0","2550"
"http://dbpedia.org/ontology/instrument","6639","1","17.654394693200665","1.0","11.0","53228"
"http://dbpedia.org/ontology/endingTheme","6","1","1.2434782608695651","1.0","2.0","1001"
"http://dbpedia.org/ontology/coverArtist","79","1","2.7609756097560973","1.0","5.0","3962"
"http://dbpedia.org/ontology/commandStructure","253","1","3.2711157455683004","1.0","6.0","9411"
"http://dbpedia.org/ontology/river","28","1","1.6287645974185618","1.0","3.0","2650"
"http://dbpedia.org/ontology/board","12","1","1.1575466025255563","1.0","1.0","1925"
"http://dbpedia.org/ontology/discipline","229","1","15.26605504587156","1.0","42.20000000000002","1664"
"http://dbpedia.org/ontology/province","1346","1","12.25925925925926","1.0","25.300000000000068","11254"
"http://dbpedia.org/ontology/internationalAffiliation","188","1","7.25","1.0","9.700000000000017","1334"
"http://dbpedia.org/ontology/populationPlace","440","1","4.180120481927711","1.0","8.0","13878"
"http://dbpedia.org/ontology/location","12846","1","5.653515868077163","1.0","6.0","408834"
"http://dbpedia.org/ontology/rightTributary","3","1","1.0063500127000253","1.0","1.0","3962"
"http://dbpedia.org/ontology/televisionSeries","296","1","20.827272727272728","1.0","63.400000000000034","2291"
"http://dbpedia.org/ontology/nearestCity","171","1","1.5879839329971797","1.0","3.0","18581"
"http://dbpedia.org/ontology/award","2806","1","6.2529314388191475","1.0","7.0","90655"
"http://dbpedia.org/ontology/garrison","53","1","2.1224197833639895","1.0","4.0","10385"
"http://dbpedia.org/ontology/partner","4","1","1.0347610180012414","1.0","1.0","1667"
"http://dbpedia.org/ontology/broadcastNetwork","564","1","7.08990075890251","1.0","9.0","12145"
"http://dbpedia.org/ontology/cpu","121","1","4.574931880108992","1.0","7.400000000000034","1679"
"http://dbpedia.org/ontology/ingredient","560","1","6.678534031413612","1.0","12.0","12756"
"http://dbpedia.org/ontology/author","251","1","2.2901377000372163","1.0","4.0","61536"
"http://dbpedia.org/ontology/previousEvent","33","1","1.0307275192046994","1.0","1.0","9124"
"http://dbpedia.org/ontology/series","614","1","6.946821980248164","1.0","14.0","27433"
"http://dbpedia.org/ontology/product","465","1","2.9253414264036417","1.0","4.0","48195"
"http://dbpedia.org/ontology/musicalArtist","140","1","4.527679433537174","1.0","11.0","56270"
"http://dbpedia.org/ontology/guest","76","1","2.6951028096060274","1.0","6.0","34341"
"http://dbpedia.org/ontology/damsire","24","1","2.3188539741219962","1.0","5.0","2509"
"http://dbpedia.org/ontology/variantOf","49","1","3.6127917026793432","1.0","7.0","4180"
"http://dbpedia.org/ontology/mainInterest","207","1","3.3680501174628033","1.0","5.0","4301"
"http://dbpedia.org/ontology/source","283","1","1.5467851542080502","1.0","2.0","2959"
"http://dbpedia.org/ontology/ideology","651","1","8.457817772778403","1.0","12.0","15038"
"http://dbpedia.org/ontology/discoverer","208","1","5.072972972972973","1.0","11.0","3754"
"http://dbpedia.org/ontology/portrayer","32","1","1.2182389937106919","1.0","2.0","5811"
"http://dbpedia.org/ontology/ceremonialCounty","600","1","85.30645161290323","1.0","220.49999999999994","5289"
