"pred_inv","frequency","persub_max_ne","persub_min_ne","persub_avg_ne","persub_10_ptile_ne","persub_90_ptile_ne"
"http://www.wikidata.org/prop/direct/P2860","44222477","17976","1","5.453500903378182","1.0","11.0"
"http://www.wikidata.org/prop/direct/P31","17109812","6153263","1","419.3684158925464","1.0","32.0"
"http://www.wikidata.org/prop/direct/P1433","6331200","74085","1","208.73693580824897","1.0","493.0"
"http://www.wikidata.org/prop/direct/P17","3611919","345164","1","3449.779369627507","1.0","2748.399999999998"
"http://www.wikidata.org/prop/direct/P131","2441146","18268","1","10.568509370819498","1.0","15.0"
"http://www.wikidata.org/prop/direct/P106","1645287","168960","1","245.67522771390173","1.0","107.0"
"http://www.wikidata.org/prop/direct/P21","1448821","1179810","1","111447.76923076923","1.0","213210.2000000002"
"http://www.wikidata.org/prop/direct/P921","1289673","20950","1","17.618242920178687","1.0","3.0"
"http://www.wikidata.org/prop/direct/P27","1131235","140789","1","734.0914990266061","1.0","273.0"
"http://www.wikidata.org/prop/direct/P735","1093876","20677","1","46.96762559038214","1.0","60.0"
"http://www.wikidata.org/prop/direct/P50","992475","2269","1","5.380522289747746","1.0","12.0"
"http://www.wikidata.org/prop/direct/P171","928842","1785","1","5.431792796533354","1.0","10.0"
"http://www.wikidata.org/prop/direct/P105","926745","778647","1","14257.615384615385","1.0","2913.2000000000007"
"http://www.wikidata.org/prop/direct/P19","767049","7988","1","7.243554875630347","1.0","8.0"
"http://www.wikidata.org/prop/direct/P279","742195","199390","1","16.632566165430383","1.0","6.0"
"http://www.wikidata.org/prop/direct/P421","678919","287637","1","5222.453846153846","1.0","2860.1000000000095"
"http://www.wikidata.org/prop/direct/P1435","593274","139264","1","1270.3940042826553","1.0","608.0000000000002"
"http://www.wikidata.org/prop/direct/P703","531061","63899","1","1055.7872763419482","1.0","3115.4000000000005"
"http://www.wikidata.org/prop/direct/P361","517496","11885","1","4.949273144605968","1.0","5.0"
"http://www.wikidata.org/prop/direct/P407","516493","240593","1","881.3873720136519","1.0","76.0"
"http://www.wikidata.org/prop/direct/P734","441554","2975","1","5.093893843083419","1.0","6.0"
"http://www.wikidata.org/prop/direct/P54","426718","795","1","18.625027279472743","1.0","46.0"
"http://www.wikidata.org/prop/direct/P527","418949","4755","1","2.8453670562826425","1.0","2.0"
"http://www.wikidata.org/prop/direct/P971","391492","16620","1","8.62830317589756","1.0","3.0"
"http://www.wikidata.org/prop/direct/P641","386279","145030","1","568.0573529411764","1.0","349.0000000000002"
"http://www.wikidata.org/prop/direct/P150","381767","12","1","1.011651694623314","1.0","1.0"
"http://www.wikidata.org/prop/direct/P161","371501","188","1","4.203355886945306","1.0","10.0"
"http://www.wikidata.org/prop/direct/P682","369009","13459","1","28.087151773481505","1.0","38.0"
"http://www.wikidata.org/prop/direct/P680","368202","18511","1","67.25150684931506","1.0","58.0"
"http://www.wikidata.org/prop/direct/P276","345765","5568","1","9.23739681013064","1.0","13.0"
"http://www.wikidata.org/prop/direct/P69","335915","5212","1","16.244257459258186","1.0","25.0"
"http://www.wikidata.org/prop/direct/P495","321425","91956","1","563.9035087719299","1.0","231.8000000000004"
"http://www.wikidata.org/prop/direct/P20","290735","10083","1","6.703287835469888","1.0","6.0"
"http://www.wikidata.org/prop/direct/P136","283171","12299","1","68.84779965961586","1.0","68.0"
"http://www.wikidata.org/prop/direct/P166","282151","10676","1","20.56344289774798","1.0","21.0"
"http://www.wikidata.org/prop/direct/P1412","250941","50290","1","398.9523052464229","1.0","108.40000000000032"
"http://www.wikidata.org/prop/direct/P681","238081","45324","1","119.15965965965965","1.0","74.0"
"http://www.wikidata.org/prop/direct/P2548","209835","105491","104344","104917.5","104458.70000000001","105376.3"
"http://www.wikidata.org/prop/direct/P186","209384","58346","1","128.37768240343348","1.0","22.0"
"http://www.wikidata.org/prop/direct/P301","208628","5","1","1.0057172607283","1.0","1.0"
"http://www.wikidata.org/prop/direct/P39","208046","6831","1","19.027437351381014","1.0","14.0"
"http://www.wikidata.org/prop/direct/P910","207655","4","1","1.0025733625592645","1.0","1.0"
"http://www.wikidata.org/prop/direct/P688","206276","82","1","1.0106515369766098","1.0","1.0"
"http://www.wikidata.org/prop/direct/P702","205618","13","1","1.007674514339482","1.0","1.0"
"http://www.wikidata.org/prop/direct/P155","189053","22","1","1.0136835727422373","1.0","1.0"
"http://www.wikidata.org/prop/direct/P47","187048","20","1","2.1624546232282826","1.0","4.0"
"http://www.wikidata.org/prop/direct/P156","186806","21","1","1.0133499688084842","1.0","1.0"
"http://www.wikidata.org/prop/direct/P195","158638","6296","1","55.662456140350876","1.0","22.09999999999991"
"http://www.wikidata.org/prop/direct/P170","150544","14147","1","4.7454293279536","1.0","8.0"
"http://www.wikidata.org/prop/direct/P4224","135081","97849","1","339.3994974874372","1.0","19.0"
"http://www.wikidata.org/prop/direct/P1344","131467","3567","1","6.842606568469265","1.0","5.0"
"http://www.wikidata.org/prop/direct/P128","126106","141","1","8.972961434467056","1.0","23.0"
"http://www.wikidata.org/prop/direct/P108","119345","1491","1","7.489958579138948","1.0","9.0"
"http://www.wikidata.org/prop/direct/P1889","117095","21","1","1.0442044623588793","1.0","1.0"
"http://www.wikidata.org/prop/direct/P1343","114437","10103","1","12.710985227146507","1.0","5.0"
"http://www.wikidata.org/prop/direct/P175","112824","216","1","3.207505330490405","1.0","7.0"
"http://www.wikidata.org/prop/direct/P102","112702","8940","1","25.24120940649496","1.0","28.0"
"http://www.wikidata.org/prop/direct/P684","112142","159","1","1.7606644372223008","1.0","3.0"
"http://www.wikidata.org/prop/direct/P413","98581","22270","1","532.8702702702702","1.0","712.5999999999997"
"http://www.wikidata.org/prop/direct/P282","93814","87197","1","501.67914438502675","1.0","11.0"
"http://www.wikidata.org/prop/direct/P463","87929","3376","1","5.9697874940593385","1.0","4.0"
"http://www.wikidata.org/prop/direct/P180","87736","3998","1","5.374333843797856","1.0","6.600000000000364"
"http://www.wikidata.org/prop/direct/P937","85857","7379","1","14.4832995951417","1.0","4.0"
"http://www.wikidata.org/prop/direct/P3373","85009","23","1","1.787255066857287","1.0","3.0"
"http://www.wikidata.org/prop/direct/P57","83419","250","1","3.0083666919109957","1.0","6.0"
"http://www.wikidata.org/prop/direct/P264","82246","2978","1","16.943963741244335","1.0","25.0"
"http://www.wikidata.org/prop/direct/P364","79544","28561","1","282.07092198581563","1.0","428.7"
"http://www.wikidata.org/prop/direct/P159","72661","2351","1","4.248187558465856","1.0","5.0"
"http://www.wikidata.org/prop/direct/P460","69947","23","1","2.2355855279979546","1.0","5.0"
"http://www.wikidata.org/prop/direct/P360","68740","15859","1","23.810183581572566","1.0","13.0"
"http://www.wikidata.org/prop/direct/P40","66218","4","1","1.0783285565398646","1.0","1.0"
"http://www.wikidata.org/prop/direct/P138","62942","326","1","1.8387963774466842","1.0","2.0"
"http://www.wikidata.org/prop/direct/P607","60525","16296","1","23.48661233993015","1.0","8.0"
"http://www.wikidata.org/prop/direct/P140","59134","19639","1","97.90397350993378","1.0","31.0"
"http://www.wikidata.org/prop/direct/P1057","55093","1922","2","299.41847826086956","47.9","601.3000000000002"
"http://www.wikidata.org/prop/direct/P462","53044","29058","1","477.8738738738739","1.0","53.0"
"http://www.wikidata.org/prop/direct/P127","53041","3981","1","4.578025202831003","1.0","4.0"
"http://www.wikidata.org/prop/direct/P58","50403","108","1","2.295950439575457","1.0","5.0"
"http://www.wikidata.org/prop/direct/P22","49974","57","1","1.27400193749044","1.0","2.0"
"http://www.wikidata.org/prop/direct/P86","45823","334","1","4.0785936804628395","1.0","9.0"
"http://www.wikidata.org/prop/direct/P119","45055","2261","1","6.988521793082054","1.0","9.0"
"http://www.wikidata.org/prop/direct/P123","43772","3078","1","5.162401226559735","1.0","6.0"
"http://www.wikidata.org/prop/direct/P137","42884","3907","1","7.141382181515404","1.0","9.0"
"http://www.wikidata.org/prop/direct/P2348","42290","1695","1","82.27626459143968","1.0","230.5999999999999"
"http://www.wikidata.org/prop/direct/P710","41606","392","1","2.155639604165587","1.0","4.0"
"http://www.wikidata.org/prop/direct/P162","38629","593","1","2.670145849173982","1.0","5.0"
"http://www.wikidata.org/prop/direct/P26","37976","20","1","1.0410087719298247","1.0","1.0"
"http://www.wikidata.org/prop/direct/P197","37139","7","1","1.267585924434281","1.0","2.0"
"http://www.wikidata.org/prop/direct/P196","35944","27639","1","835.9069767441861","1.0","1241.800000000003"
"http://www.wikidata.org/prop/direct/P101","34558","6685","1","7.696659242761693","1.0","8.0"
"http://www.wikidata.org/prop/direct/P141","34426","16958","23","4303.25","236.50000000000003","8672.099999999999"
"http://www.wikidata.org/prop/direct/P179","33869","769","1","6.119060523938573","1.0","10.0"
"http://www.wikidata.org/prop/direct/P2868","33700","27391","1","64.68330134357005","1.0","19.0"
"http://www.wikidata.org/prop/direct/P2094","30894","9821","1","114.84758364312268","1.0","89.40000000000012"
"http://www.wikidata.org/prop/direct/P509","30028","3106","1","42.774928774928775","1.0","62.799999999999955"
"http://www.wikidata.org/prop/direct/P566","29417","5","1","1.0351537757759166","1.0","1.0"
"http://www.wikidata.org/prop/direct/P1303","28641","6309","1","79.33795013850416","1.0","55.0"
"http://www.wikidata.org/prop/direct/P103","28612","13667","1","103.66666666666667","1.0","31.0"
"http://www.wikidata.org/prop/direct/P36","28398","19","1","1.0890473999079613","1.0","1.0"
"http://www.wikidata.org/prop/direct/P61","28055","6189","1","14.781348788198104","1.0","10.299999999999955"
"http://www.wikidata.org/prop/direct/P403","27843","220","1","2.265869140625","1.0","4.0"
"http://www.wikidata.org/prop/direct/P974","27435","3","1","1.0097534044902465","1.0","1.0"
"http://www.wikidata.org/prop/direct/P4510","26916","255","1","1.5384967133466705","1.0","2.0"
"http://www.wikidata.org/prop/direct/P1346","26232","87","1","1.7468202703602584","1.0","3.0"
"http://www.wikidata.org/prop/direct/P551","25865","747","1","3.4877292340884574","1.0","6.0"
"http://www.wikidata.org/prop/direct/P1196","25755","14805","1","212.8512396694215","1.0","4.0"
"http://www.wikidata.org/prop/direct/P344","25747","179","1","4.78657743074921","1.0","12.0"
"http://www.wikidata.org/prop/direct/P241","25548","4623","1","31.424354243542435","1.0","24.0"
"http://www.wikidata.org/prop/direct/P669","25367","197","1","2.061017224569386","1.0","4.0"
"http://www.wikidata.org/prop/direct/P512","24749","4088","1","64.61879895561357","1.0","78.60000000000002"
"http://www.wikidata.org/prop/direct/P410","24656","2089","1","41.438655462184876","1.0","64.20000000000005"
"http://www.wikidata.org/prop/direct/P272","23446","962","1","8.015726495726495","1.0","10.0"
"http://www.wikidata.org/prop/direct/P81","23216","83","1","4.971306209850107","1.0","11.0"
"http://www.wikidata.org/prop/direct/P5008","23122","6743","1","1360.1176470588234","17.200000000000003","4007.4000000000015"
"http://www.wikidata.org/prop/direct/P2817","22941","238","1","17.978840125391848","2.0","40.0"
"http://www.wikidata.org/prop/direct/P859","22905","21404","1","28.775125628140703","1.0","3.0"
"http://www.wikidata.org/prop/direct/P749","22567","278","1","2.1829173921454825","1.0","4.0"
"http://www.wikidata.org/prop/direct/P172","22517","5538","1","23.0","1.0","11.0"
"http://www.wikidata.org/prop/direct/P149","21972","2357","1","51.097674418604655","1.0","67.50000000000011"
"http://www.wikidata.org/prop/direct/P2789","21784","130","1","1.9837901830434386","1.0","3.0"
"http://www.wikidata.org/prop/direct/P1001","21637","2745","1","2.604670759600337","1.0","2.0"
"http://www.wikidata.org/prop/direct/P5138","21561","110","1","6.735707591377694","1.0","18.0"
"http://www.wikidata.org/prop/direct/P1454","21203","2641","1","59.72676056338028","1.0","95.80000000000007"
"http://www.wikidata.org/prop/direct/P793","20951","3272","1","10.62962962962963","1.0","4.0"
"http://www.wikidata.org/prop/direct/P176","20946","258","1","5.841048522030117","1.0","13.0"
"http://www.wikidata.org/prop/direct/P400","20412","3471","1","45.15929203539823","1.0","64.90000000000003"
"http://www.wikidata.org/prop/direct/P750","20149","1151","1","11.046600877192983","1.0","17.0"
"http://www.wikidata.org/prop/direct/P291","20085","3124","1","7.787902287708414","1.0","7.0"
"http://www.wikidata.org/prop/direct/P708","20058","484","1","12.72715736040609","1.0","27.5"
"http://www.wikidata.org/prop/direct/P1376","19849","3","1","1.0023734976265024","1.0","1.0"
"http://www.wikidata.org/prop/direct/P449","19754","743","1","13.082119205298014","1.0","25.0"
"http://www.wikidata.org/prop/direct/P65","19258","6162","1","52.76164383561644","1.0","47.0"
"http://www.wikidata.org/prop/direct/P1441","19091","197","1","3.508730012865282","1.0","7.0"
"http://www.wikidata.org/prop/direct/P355","18621","7","1","1.0192118226600986","1.0","1.0"
"http://www.wikidata.org/prop/direct/P3450","17726","93","1","5.591798107255521","1.0","14.0"
"http://www.wikidata.org/prop/direct/P30","17147","7179","1","1224.7857142857142","2.3","3889.5000000000014"
"http://www.wikidata.org/prop/direct/P135","16780","7529","1","18.338797814207652","1.0","16.0"
"http://www.wikidata.org/prop/direct/P1923","16531","281","1","5.63236797274276","1.0","13.0"
"http://www.wikidata.org/prop/direct/P800","16331","63","1","1.0312578934074261","1.0","1.0"
"http://www.wikidata.org/prop/direct/P559","16278","103","1","1.7668511885379354","1.0","3.0"
"http://www.wikidata.org/prop/direct/P1269","16146","282","1","3.4804914852338866","1.0","4.0"
"http://www.wikidata.org/prop/direct/P4614","16090","3890","1","45.580736543909346","1.0","58.60000000000002"
"http://www.wikidata.org/prop/direct/P16","15954","4659","1","64.07228915662651","1.0","99.00000000000009"
"http://www.wikidata.org/prop/direct/P190","15770","34","1","1.870477997865022","1.0","4.0"
"http://www.wikidata.org/prop/direct/P4552","15150","836","1","7.092696629213483","1.0","14.0"
"http://www.wikidata.org/prop/direct/P25","15143","40","1","1.3304340186259005","1.0","2.0"
"http://www.wikidata.org/prop/direct/P59","14829","693","15","168.51136363636363","43.800000000000004","364.3"
"http://www.wikidata.org/prop/direct/P366","14718","2705","1","6.3276010318142735","1.0","4.0"
"http://www.wikidata.org/prop/direct/P84","14190","67","1","2.008492569002123","1.0","4.0"
"http://www.wikidata.org/prop/direct/P1532","14134","1055","1","50.29893238434164","1.0","131.0"
"http://www.wikidata.org/prop/direct/P126","13663","715","1","15.49092970521542","1.0","49.89999999999998"
"http://www.wikidata.org/prop/direct/P1411","13592","408","1","8.825974025974025","1.0","11.0"
"http://www.wikidata.org/prop/direct/P118","13091","2229","1","10.73032786885246","1.0","11.100000000000136"
"http://www.wikidata.org/prop/direct/P1040","12585","81","1","3.445113605255954","1.0","8.0"
"http://www.wikidata.org/prop/direct/P840","12529","1250","1","8.036561898652982","1.0","8.0"
"http://www.wikidata.org/prop/direct/P97","12052","2664","1","15.550967741935484","1.0","6.0"
"http://www.wikidata.org/prop/direct/P5166","11703","1236","1","11.929663608562691","1.0","20.0"
"http://www.wikidata.org/prop/direct/P2061","11262","8033","1","433.15384615384613","1.0","877.5"
"http://www.wikidata.org/prop/direct/P112","11262","21","1","1.090856257264626","1.0","1.0"
"http://www.wikidata.org/prop/direct/P4908","11255","30","1","6.369552914544426","2.0","11.0"
"http://www.wikidata.org/prop/direct/P178","11217","306","1","2.982451475671364","1.0","5.0"
"http://www.wikidata.org/prop/direct/P53","11059","270","1","4.530520278574355","1.0","8.0"
"http://www.wikidata.org/prop/direct/P206","11029","617","1","3.6077854105332023","1.0","4.0"
"http://www.wikidata.org/prop/direct/P404","10908","7337","1","363.6","1.0","38.70000000000038"
"http://www.wikidata.org/prop/direct/P3602","10826","451","1","13.600502512562814","1.0","20.0"
"http://www.wikidata.org/prop/direct/P452","10773","1487","1","9.50838481906443","1.0","8.0"
"http://www.wikidata.org/prop/direct/P1464","10757","3","1","1.0021427240544065","1.0","1.0"
"http://www.wikidata.org/prop/direct/P1853","10627","3946","1060","2656.75","1428.7","3761.8"
"http://www.wikidata.org/prop/direct/P740","10549","503","1","3.6590357266736038","1.0","5.0"
"http://www.wikidata.org/prop/direct/P2321","10454","59","1","3.4835054981672777","1.0","7.0"
"http://www.wikidata.org/prop/direct/P609","9957","43","1","2.3809182209469153","1.0","5.0"
"http://www.wikidata.org/prop/direct/P5236","9224","1895","1","11.35960591133005","1.0","8.899999999999977"
"http://www.wikidata.org/prop/direct/P915","9052","494","1","5.343565525383707","1.0","5.0"
"http://www.wikidata.org/prop/direct/P1383","8909","2","1","1.010549001814882","1.0","1.0"
"http://www.wikidata.org/prop/direct/P275","8880","1445","1","51.32947976878613","1.0","123.60000000000002"
"http://www.wikidata.org/prop/direct/P1754","8322","3","1","1.0012030798845044","1.0","1.0"
"http://www.wikidata.org/prop/direct/P1066","8235","91","1","1.4853896103896105","1.0","2.0"
"http://www.wikidata.org/prop/direct/P412","8203","2489","1","178.32608695652175","1.0","609.5"
"http://www.wikidata.org/prop/direct/P1753","8172","4","1","1.0111358574610245","1.0","1.0"
"http://www.wikidata.org/prop/direct/P2079","8073","1378","1","30.695817490494296","1.0","33.60000000000002"
"http://www.wikidata.org/prop/direct/P144","8011","63","1","1.356417202844565","1.0","2.0"
"http://www.wikidata.org/prop/direct/P674","7772","74","1","1.9304520615996026","1.0","2.0"
"http://www.wikidata.org/prop/direct/P2416","7535","689","1","34.09502262443439","1.0","52.0"
"http://www.wikidata.org/prop/direct/P725","7514","46","1","1.8931720836482742","1.0","3.0"
"http://www.wikidata.org/prop/direct/P1792","7513","2","1","1.0006659563132658","1.0","1.0"
"http://www.wikidata.org/prop/direct/P427","7430","3","1","1.0012127745586847","1.0","1.0"
"http://www.wikidata.org/prop/direct/P814","7430","2592","115","1061.4285714285713","317.20000000000005","1906.8000000000002"
"http://www.wikidata.org/prop/direct/P437","7119","1376","1","40.68","1.0","59.799999999999955"
"http://www.wikidata.org/prop/direct/P2959","7113","20","1","1.0224234583872358","1.0","1.0"
"http://www.wikidata.org/prop/direct/P1366","7107","24","1","1.2023346303501945","1.0","2.0"
"http://www.wikidata.org/prop/direct/P6","6849","6","1","1.0262211567275996","1.0","1.0"
"http://www.wikidata.org/prop/direct/P706","6806","360","1","2.3981677237491192","1.0","3.0"
"http://www.wikidata.org/prop/direct/P466","6714","66","1","1.174186778593914","1.0","2.0"
"http://www.wikidata.org/prop/direct/P183","6577","963","1","26.099206349206348","1.0","44.0"
"http://www.wikidata.org/prop/direct/P2643","6558","374","1","60.1651376146789","11.8","136.8"
"http://www.wikidata.org/prop/direct/P184","6519","19","1","1.3929487179487179","1.0","2.0"
"http://www.wikidata.org/prop/direct/P726","6343","361","1","7.938673341677096","1.0","2.0"
"http://www.wikidata.org/prop/direct/P205","6271","1839","1","44.16197183098591","1.0","63.900000000000006"
"http://www.wikidata.org/prop/direct/P1365","6164","7","1","1.022731043636967","1.0","1.0"
"http://www.wikidata.org/prop/direct/P1981","6057","2450","423","1211.4","445.79999999999995","2161.6"
"http://www.wikidata.org/prop/direct/P485","5943","745","1","7.143028846153846","1.0","5.0"
"http://www.wikidata.org/prop/direct/P1038","5943","17","1","1.181510934393638","1.0","2.0"
"http://www.wikidata.org/prop/direct/P1080","5793","1056","1","30.171875","1.0","56.00000000000006"
"http://www.wikidata.org/prop/direct/P1064","5673","3971","1","138.3658536585366","1.0","111.0"
"http://www.wikidata.org/prop/direct/P2597","5671","3182","2489","2835.5","2558.3","3112.7000000000003"
"http://www.wikidata.org/prop/direct/P1313","5585","978","1","1.5297178855108189","1.0","1.0"
"http://www.wikidata.org/prop/direct/P3876","5555","3","1","1.000360165676211","1.0","1.0"
"http://www.wikidata.org/prop/direct/P664","5505","986","1","6.334867663981588","1.0","6.2000000000000455"
"http://www.wikidata.org/prop/direct/P676","5495","113","1","2.173655063291139","1.0","4.0"
"http://www.wikidata.org/prop/direct/P2962","5440","2037","1","259.04761904761904","1.0","668.0"
"http://www.wikidata.org/prop/direct/P1416","5349","662","1","3.5612516644474033","1.0","4.0"
"http://www.wikidata.org/prop/direct/P2417","5255","42","1","3.0201149425287355","1.0","7.0"
"http://www.wikidata.org/prop/direct/P802","5223","7","1","1.1096239643084767","1.0","1.0"
"http://www.wikidata.org/prop/direct/P423","5063","3321","1","1012.6","1.0","2687.4"
"http://www.wikidata.org/prop/direct/P1427","5022","266","1","2.6293193717277488","1.0","3.0"
"http://www.wikidata.org/prop/direct/P115","4982","90","1","1.3638105666575417","1.0","2.0"
"http://www.wikidata.org/prop/direct/P2670","4937","2067","1","4.304272013949434","1.0","2.0"
"http://www.wikidata.org/prop/direct/P1552","4931","1605","1","7.084770114942529","1.0","2.5"
"http://www.wikidata.org/prop/direct/P991","4825","221","1","1.8044128646222888","1.0","2.0"
"http://www.wikidata.org/prop/direct/P611","4763","1660","1","26.17032967032967","1.0","25.0"
"http://www.wikidata.org/prop/direct/P1071","4690","249","1","5.176600441501104","1.0","7.0"
"http://www.wikidata.org/prop/direct/P1465","4613","2","1","1.0021724961981318","1.0","1.0"
"http://www.wikidata.org/prop/direct/P629","4428","28","1","1.4192307692307693","1.0","2.0"
"http://www.wikidata.org/prop/direct/P3578","4420","9","1","1.3483831604636973","1.0","2.0"
"http://www.wikidata.org/prop/direct/P647","4351","122","1","29.39864864864865","1.0","87.0"
"http://www.wikidata.org/prop/direct/P3643","4346","2491","1","543.25","1.0","1436.7999999999997"
"http://www.wikidata.org/prop/direct/P3018","4287","152","1","4.304216867469879","1.0","10.0"
"http://www.wikidata.org/prop/direct/P3432","4220","1189","1","3.65684575389948","1.0","4.0"
"http://www.wikidata.org/prop/direct/P177","4200","61","1","1.8716577540106951","1.0","3.0"
"http://www.wikidata.org/prop/direct/P1142","4197","220","1","7.030150753768845","1.0","13.0"
"http://www.wikidata.org/prop/direct/P3096","4185","4","1","1.001675442795596","1.0","1.0"
"http://www.wikidata.org/prop/direct/P1533","4088","17","1","1.025075225677031","1.0","1.0"
"http://www.wikidata.org/prop/direct/P88","4053","2368","1","5.732673267326732","1.0","2.0"
"http://www.wikidata.org/prop/direct/P98","4052","198","1","1.6827242524916943","1.0","1.0"
"http://www.wikidata.org/prop/direct/P1192","4030","455","1","14.090909090909092","1.0","36.0"
"http://www.wikidata.org/prop/direct/P931","3962","32","1","1.0795640326975477","1.0","1.0"
"http://www.wikidata.org/prop/direct/P2554","3901","177","1","4.483908045977011","1.0","11.100000000000023"
"http://www.wikidata.org/prop/direct/P1950","3867","115","1","2.2404403244495943","1.0","3.0"
"http://www.wikidata.org/prop/direct/P1056","3825","493","1","2.6288659793814433","1.0","3.0"
"http://www.wikidata.org/prop/direct/P417","3749","495","1","8.738927738927739","1.0","10.399999999999977"
"http://www.wikidata.org/prop/direct/P825","3742","389","1","3.918324607329843","1.0","4.0"
"http://www.wikidata.org/prop/direct/P289","3644","203","1","3.819706498951782","1.0","6.0"
"http://www.wikidata.org/prop/direct/P1423","3584","7","1","1.0237075121393888","1.0","1.0"
"http://www.wikidata.org/prop/direct/P747","3577","50","1","1.084267959987875","1.0","1.0"
"http://www.wikidata.org/prop/direct/P306","3575","976","1","15.021008403361344","1.0","15.300000000000011"
"http://www.wikidata.org/prop/direct/P1424","3548","2","1","1.0056689342403629","1.0","1.0"
"http://www.wikidata.org/prop/direct/P461","3533","4","1","1.0137733142037302","1.0","1.0"
"http://www.wikidata.org/prop/direct/P286","3488","19","1","1.3635652853792024","1.0","2.0"
"http://www.wikidata.org/prop/direct/P1382","3483","42","1","1.3904191616766468","1.0","2.0"
"http://www.wikidata.org/prop/direct/P411","3436","1503","1","171.8","1.0","594.6000000000001"
"http://www.wikidata.org/prop/direct/P5130","3408","167","1","3.51340206185567","1.0","6.0"
"http://www.wikidata.org/prop/direct/P414","3330","648","1","41.625","1.0","105.70000000000032"
"http://www.wikidata.org/prop/direct/P371","3329","23","1","1.339098954143202","1.0","2.0"
"http://www.wikidata.org/prop/direct/P376","3280","787","1","60.74074074074074","1.0","80.00000000000003"
"http://www.wikidata.org/prop/direct/P1995","3267","492","1","32.67","1.0","94.10000000000018"
"http://www.wikidata.org/prop/direct/P1877","3267","107","1","2.0042944785276076","1.0","3.0"
"http://www.wikidata.org/prop/direct/P1456","3235","2","1","1.001547987616099","1.0","1.0"
"http://www.wikidata.org/prop/direct/P5841","3229","677","1","293.54545454545456","3.0","670.0"
"http://www.wikidata.org/prop/direct/P129","3207","37","1","2.1860940695296525","1.0","4.0"
"http://www.wikidata.org/prop/direct/P2701","3156","3073","1","263.0","1.0","49.000000000000014"
"http://www.wikidata.org/prop/direct/P287","3110","30","1","1.6847237269772481","1.0","3.0"
"http://www.wikidata.org/prop/direct/P1403","3099","3","1","1.1285506190823016","1.0","2.0"
"http://www.wikidata.org/prop/direct/P737","2974","22","1","1.5718816067653276","1.0","3.0"
"http://www.wikidata.org/prop/direct/P608","2851","164","1","3.4062126642771804","1.0","6.0"
"http://www.wikidata.org/prop/direct/P1444","2843","46","1","1.6772861356932154","1.0","3.0"
"http://www.wikidata.org/prop/direct/P780","2787","183","1","4.755972696245734","1.0","9.0"
"http://www.wikidata.org/prop/direct/P1399","2770","904","1","13.512195121951219","1.0","17.599999999999994"
"http://www.wikidata.org/prop/direct/P541","2695","372","1","3.9925925925925925","1.0","8.0"
"http://www.wikidata.org/prop/direct/P488","2691","6","1","1.0406032482598608","1.0","1.0"
"http://www.wikidata.org/prop/direct/P1716","2641","126","1","10.52191235059761","1.0","28.0"
"http://www.wikidata.org/prop/direct/P516","2632","1328","1","4.445945945945946","1.0","3.0"
"http://www.wikidata.org/prop/direct/P1598","2624","80","1","1.9729323308270676","1.0","3.0"
"http://www.wikidata.org/prop/direct/P5606","2621","1031","1","154.1764705882353","2.0","377.00000000000006"
"http://www.wikidata.org/prop/direct/P625","2609","2","1","1.0030757400999615","1.0","1.0"
"http://www.wikidata.org/prop/direct/P479","2573","1025","1","40.84126984126984","1.0","44.80000000000007"
"http://www.wikidata.org/prop/direct/P121","2564","126","1","1.7917540181691125","1.0","3.0"
"http://www.wikidata.org/prop/direct/P277","2558","593","1","20.141732283464567","1.0","19.400000000000006"
"http://www.wikidata.org/prop/direct/P4002","2491","1088","32","498.2","83.2","1011.5999999999999"
"http://www.wikidata.org/prop/direct/P4202","2491","2491","2491","2491.0","2491.0","2491.0"
"http://www.wikidata.org/prop/direct/P1431","2383","87","1","1.5305073859987155","1.0","2.0"
"http://www.wikidata.org/prop/direct/P598","2381","15","1","1.3213096559378468","1.0","2.0"
"http://www.wikidata.org/prop/direct/P3092","2379","22","1","2.283109404990403","1.0","4.0"
"http://www.wikidata.org/prop/direct/P579","2358","1448","2","181.3846153846154","5.800000000000002","387.8000000000002"
"http://www.wikidata.org/prop/direct/P451","2333","19","1","1.1009910335063708","1.0","1.0"
"http://www.wikidata.org/prop/direct/P2894","2291","344","1","286.375","221.50000000000003","337.7"
"http://www.wikidata.org/prop/direct/P2175","2287","41","1","3.132876712328767","1.0","7.0"
"http://www.wikidata.org/prop/direct/P2176","2282","17","1","2.298086606243706","1.0","4.0"
"http://www.wikidata.org/prop/direct/P2978","2274","233","1","15.575342465753424","1.0","37.5"
"http://www.wikidata.org/prop/direct/P1652","2269","99","1","9.37603305785124","1.0","31.50000000000003"
"http://www.wikidata.org/prop/direct/P530","2256","65","1","9.851528384279476","1.0","27.0"
"http://www.wikidata.org/prop/direct/P37","2253","561","1","8.133574007220217","1.0","7.0"
"http://www.wikidata.org/prop/direct/P1027","2227","64","1","1.4896321070234113","1.0","2.0"
"http://www.wikidata.org/prop/direct/P375","2190","296","1","14.220779220779221","1.0","30.800000000000068"
"http://www.wikidata.org/prop/direct/P1050","2187","346","1","7.782918149466192","1.0","6.0"
"http://www.wikidata.org/prop/direct/P2747","2177","902","6","435.4","89.6","876.4"
"http://www.wikidata.org/prop/direct/P816","2135","7","1","1.3504111321948133","1.0","2.0"
"http://www.wikidata.org/prop/direct/P930","2131","737","1","66.59375","2.0","266.40000000000026"
"http://www.wikidata.org/prop/direct/P1145","2120","1373","1","235.55555555555554","1.0","857.8000000000001"
"http://www.wikidata.org/prop/direct/P1327","2045","3","1","1.1443760492445438","1.0","2.0"
"http://www.wikidata.org/prop/direct/P655","2042","324","1","2.9046941678520626","1.0","3.0"
"http://www.wikidata.org/prop/direct/P945","2005","665","1","9.876847290640393","1.0","8.800000000000011"
"http://www.wikidata.org/prop/direct/P201","1996","12","1","1.213373860182371","1.0","2.0"
"http://www.wikidata.org/prop/direct/P2936","1987","309","1","8.831111111111111","1.0","11.0"
"http://www.wikidata.org/prop/direct/P1420","1983","4","1","1.0127681307456589","1.0","1.0"
"http://www.wikidata.org/prop/direct/P1408","1929","13","1","1.3729537366548044","1.0","2.0"
"http://www.wikidata.org/prop/direct/P185","1915","5","1","1.0527762506871907","1.0","1.0"
"http://www.wikidata.org/prop/direct/P2293","1910","138","1","1.819047619047619","1.0","2.0"
"http://www.wikidata.org/prop/direct/P870","1899","733","1","17.422018348623855","1.0","25.400000000000006"
"http://www.wikidata.org/prop/direct/P110","1894","62","1","1.9346271705822267","1.0","3.0"
"http://www.wikidata.org/prop/direct/P4101","1894","1281","1","27.057142857142857","1.0","8.0"
"http://www.wikidata.org/prop/direct/P1884","1868","683","1","69.18518518518519","1.0","180.00000000000065"
"http://www.wikidata.org/prop/direct/P1687","1815","4","1","1.092057761732852","1.0","1.0"
"http://www.wikidata.org/prop/direct/P200","1800","12","1","1.2096774193548387","1.0","2.0"
"http://www.wikidata.org/prop/direct/P2632","1779","437","1","5.294642857142857","1.0","5.0"
"http://www.wikidata.org/prop/direct/P358","1765","1","1","1.0","1.0","1.0"
"http://www.wikidata.org/prop/direct/P2354","1744","7","1","1.0133643230679836","1.0","1.0"
"http://www.wikidata.org/prop/direct/P556","1741","573","8","217.625","91.30000000000001","398.69999999999993"
"http://www.wikidata.org/prop/direct/P658","1721","4","1","1.045565006075334","1.0","1.0"
"http://www.wikidata.org/prop/direct/P2515","1721","60","1","4.345959595959596","1.0","10.0"
"http://www.wikidata.org/prop/direct/P3494","1705","29","1","2.191516709511568","1.0","4.0"
"http://www.wikidata.org/prop/direct/P2614","1690","466","49","169.0","61.6","345.4"
"http://www.wikidata.org/prop/direct/P1340","1683","635","1","73.17391304347827","1.0","220.00000000000006"
"http://www.wikidata.org/prop/direct/P2505","1681","52","1","1.6194605009633911","1.0","2.0"
"http://www.wikidata.org/prop/direct/P4628","1661","626","11","138.41666666666666","21.1","402.6000000000001"
"http://www.wikidata.org/prop/direct/P2522","1655","78","1","1.151704940848991","1.0","1.0"
"http://www.wikidata.org/prop/direct/P2358","1595","305","1","53.166666666666664","1.0","164.50000000000017"
"http://www.wikidata.org/prop/direct/P767","1580","32","1","1.783295711060948","1.0","3.0"
"http://www.wikidata.org/prop/direct/P2541","1575","211","1","3.076171875","1.0","3.0"
"http://www.wikidata.org/prop/direct/P237","1558","14","1","1.0627557980900408","1.0","1.0"
"http://www.wikidata.org/prop/direct/P885","1501","75","1","1.315512708150745","1.0","1.0"
"http://www.wikidata.org/prop/direct/P1891","1495","24","1","1.3829787234042554","1.0","1.0"
"http://www.wikidata.org/prop/direct/P912","1488","264","1","10.782608695652174","1.0","7.0"
"http://www.wikidata.org/prop/direct/P1811","1485","2","1","1.0006738544474394","1.0","1.0"
"http://www.wikidata.org/prop/direct/P547","1483","80","1","1.208638956805216","1.0","1.0"
"http://www.wikidata.org/prop/direct/P2283","1478","50","1","1.4022770398481974","1.0","2.0"
"http://www.wikidata.org/prop/direct/P3912","1473","717","1","42.08571428571429","1.0","46.00000000000007"
"http://www.wikidata.org/prop/direct/P610","1469","6","1","1.1431906614785992","1.0","2.0"
"http://www.wikidata.org/prop/direct/P689","1452","252","1","9.248407643312103","1.0","5.800000000000011"
"http://www.wikidata.org/prop/direct/P2695","1442","33","1","2.057061340941512","1.0","4.0"
"http://www.wikidata.org/prop/direct/P87","1442","34","1","1.4927536231884058","1.0","2.0"
"http://www.wikidata.org/prop/direct/P520","1428","67","1","3.1384615384615384","1.0","6.0"
"http://www.wikidata.org/prop/direct/P841","1423","18","1","3.715404699738903","1.0","6.0"
"http://www.wikidata.org/prop/direct/P736","1419","165","1","3.2104072398190047","1.0","5.0"
"http://www.wikidata.org/prop/direct/P1791","1398","1","1","1.0","1.0","1.0"
"http://www.wikidata.org/prop/direct/P852","1371","457","1","171.375","3.1","443.0"
"http://www.wikidata.org/prop/direct/P1535","1323","27","1","1.4634955752212389","1.0","1.0"
"http://www.wikidata.org/prop/direct/P1830","1302","4","1","1.105263157894737","1.0","1.0"
"http://www.wikidata.org/prop/direct/P1028","1300","621","1","4.220779220779221","1.0","3.0"
"http://www.wikidata.org/prop/direct/P1659","1298","7","1","1.2040816326530612","1.0","2.0"
"http://www.wikidata.org/prop/direct/P3022","1296","3","1","1.0570962479608483","1.0","1.0"
"http://www.wikidata.org/prop/direct/P3497","1281","34","1","2.696842105263158","1.0","4.0"
"http://www.wikidata.org/prop/direct/P2363","1277","513","49","255.4","74.2","494.20000000000005"
"http://www.wikidata.org/prop/direct/P1037","1264","2","1","1.0160771704180065","1.0","1.0"
"http://www.wikidata.org/prop/direct/P1591","1254","3","1","1.0458715596330275","1.0","1.0"
"http://www.wikidata.org/prop/direct/P2359","1248","89","1","5.356223175965665","1.0","11.800000000000011"
"http://www.wikidata.org/prop/direct/P467","1241","854","1","7.257309941520468","1.0","6.0"
"http://www.wikidata.org/prop/direct/P5025","1237","91","1","6.343589743589743","1.0","14.0"
"http://www.wikidata.org/prop/direct/P3716","1227","236","1","37.18181818181818","1.0","133.80000000000004"
"http://www.wikidata.org/prop/direct/P163","1226","4","1","1.0293870696893368","1.0","1.0"
"http://www.wikidata.org/prop/direct/P768","1207","61","1","10.058333333333334","1.0","27.0"
"http://www.wikidata.org/prop/direct/P5607","1204","17","1","1.9171974522292994","1.0","4.0"
"http://www.wikidata.org/prop/direct/P2922","1199","74","1","19.03174603174603","7.0","54.60000000000001"
"http://www.wikidata.org/prop/direct/P1389","1199","833","1","74.9375","1.0","114.5"
"http://www.wikidata.org/prop/direct/P4000","1185","516","1","59.25","1.0","145.0"
"http://www.wikidata.org/prop/direct/P642","1168","58","1","1.6567375886524822","1.0","3.0"
"http://www.wikidata.org/prop/direct/P908","1139","308","146","227.8","148.0","303.6"
"http://www.wikidata.org/prop/direct/P828","1138","146","1","1.2574585635359117","1.0","1.0"
"http://www.wikidata.org/prop/direct/P1875","1134","142","1","3.4363636363636365","1.0","7.100000000000023"
"http://www.wikidata.org/prop/direct/P425","1128","6","1","1.1428571428571428","1.0","2.0"
"http://www.wikidata.org/prop/direct/P2596","1117","555","1","6.5321637426900585","1.0","4.0"
"http://www.wikidata.org/prop/direct/P1990","1116","19","1","1.6244541484716157","1.0","3.0"
"http://www.wikidata.org/prop/direct/P826","1112","107","1","34.75","2.2","82.5"
"http://www.wikidata.org/prop/direct/P408","1103","136","1","3.8701754385964913","1.0","7.0"
"http://www.wikidata.org/prop/direct/P1547","1102","899","1","9.183333333333334","1.0","2.0"
"http://www.wikidata.org/prop/direct/P5323","1093","896","1","218.6","1.0","604.4000000000001"
"http://www.wikidata.org/prop/direct/P741","1087","673","1","108.7","1.0","323.79999999999984"
"http://www.wikidata.org/prop/direct/P1963","1079","33","1","1.62012012012012","1.0","2.0"
"http://www.wikidata.org/prop/direct/P2563","1070","155","1","15.970149253731343","1.0","43.79999999999999"
"http://www.wikidata.org/prop/direct/P113","1052","11","1","1.852112676056338","1.0","4.0"
"http://www.wikidata.org/prop/direct/P3764","1034","29","1","3.76","1.0","9.599999999999994"
"http://www.wikidata.org/prop/direct/P636","1028","254","1","64.25","1.0","242.5"
"http://www.wikidata.org/prop/direct/P2239","1013","226","1","22.02173913043478","1.0","35.5"
"http://www.wikidata.org/prop/direct/P1434","991","512","1","10.771739130434783","1.0","13.0"
"http://www.wikidata.org/prop/direct/P2517","978","4","1","1.0134715025906735","1.0","1.0"
"http://www.wikidata.org/prop/direct/P2684","967","354","79","193.4","108.2","304.0"
"http://www.wikidata.org/prop/direct/P4320","959","13","1","1.7596330275229357","1.0","3.0"
"http://www.wikidata.org/prop/direct/P2377","944","119","1","3.731225296442688","1.0","7.0"
"http://www.wikidata.org/prop/direct/P3858","935","3","1","1.0021436227224008","1.0","1.0"
"http://www.wikidata.org/prop/direct/P1542","932","8","1","1.1242460796139928","1.0","1.0"
"http://www.wikidata.org/prop/direct/P3780","922","2","1","1.0109649122807018","1.0","1.0"
"http://www.wikidata.org/prop/direct/P3610","922","101","1","10.720930232558139","1.0","34.5"
"http://www.wikidata.org/prop/direct/P1072","907","14","1","1.6371841155234657","1.0","3.0"
"http://www.wikidata.org/prop/direct/P1200","906","2","1","1.0011049723756906","1.0","1.0"
"http://www.wikidata.org/prop/direct/P3781","898","10","1","1.364741641337386","1.0","2.0"
"http://www.wikidata.org/prop/direct/P4195","870","2","1","1.0023041474654377","1.0","1.0"
"http://www.wikidata.org/prop/direct/P2650","867","64","1","1.744466800804829","1.0","2.0"
"http://www.wikidata.org/prop/direct/P1560","853","3","1","1.0154761904761904","1.0","1.0"
"http://www.wikidata.org/prop/direct/P504","850","70","1","2.75974025974026","1.0","4.0"
"http://www.wikidata.org/prop/direct/P1029","848","14","1","1.4348561759729273","1.0","2.0"
"http://www.wikidata.org/prop/direct/P194","839","26","1","1.0606826801517066","1.0","1.0"
"http://www.wikidata.org/prop/direct/P3306","831","249","22","118.71428571428571","27.4","211.20000000000005"
"http://www.wikidata.org/prop/direct/P5800","827","189","1","17.97826086956522","1.0","46.5"
"http://www.wikidata.org/prop/direct/P3137","821","17","1","1.66869918699187","1.0","3.0"
"http://www.wikidata.org/prop/direct/P1750","814","7","1","2.4518072289156625","1.0","4.0"
"http://www.wikidata.org/prop/direct/P3650","809","173","27","115.57142857142857","49.2","157.4"
"http://www.wikidata.org/prop/direct/P3919","803","316","1","3.0884615384615386","1.0","3.0"
"http://www.wikidata.org/prop/direct/P189","802","66","1","1.4769797421731123","1.0","2.0"
"http://www.wikidata.org/prop/direct/P739","794","124","1","4.362637362637362","1.0","8.900000000000006"
"http://www.wikidata.org/prop/direct/P4323","791","13","1","1.8267898383371826","1.0","3.0"
"http://www.wikidata.org/prop/direct/P1462","789","254","1","12.725806451612904","1.0","23.39999999999999"
"http://www.wikidata.org/prop/direct/P4792","787","2","1","1.0012722646310432","1.0","1.0"
"http://www.wikidata.org/prop/direct/P469","784","11","1","1.1152204836415363","1.0","1.0"
"http://www.wikidata.org/prop/direct/P803","776","471","1","8.434782608695652","1.0","7.600000000000023"
"http://www.wikidata.org/prop/direct/P4661","776","2","1","1.001290322580645","1.0","1.0"
"http://www.wikidata.org/prop/direct/P941","772","4","1","1.0474898236092265","1.0","1.0"
"http://www.wikidata.org/prop/direct/P3279","767","5","1","1.131268436578171","1.0","2.0"
"http://www.wikidata.org/prop/direct/P1302","760","3","1","1.1801242236024845","1.0","2.0"
"http://www.wikidata.org/prop/direct/P4132","757","161","1","31.541666666666668","1.0","104.59999999999997"
"http://www.wikidata.org/prop/direct/P511","753","262","1","11.952380952380953","1.0","15.0"
"http://www.wikidata.org/prop/direct/P398","742","2","1","1.001349527665317","1.0","1.0"
"http://www.wikidata.org/prop/direct/P2388","722","14","1","1.0478955007256894","1.0","1.0"
"http://www.wikidata.org/prop/direct/P2743","719","2","1","1.00278940027894","1.0","1.0"
"http://www.wikidata.org/prop/direct/P4794","717","103","4","44.8125","8.5","88.5"
"http://www.wikidata.org/prop/direct/P769","715","18","1","6.745283018867925","1.5","13.0"
"http://www.wikidata.org/prop/direct/P169","715","3","1","1.0422740524781342","1.0","1.0"
"http://www.wikidata.org/prop/direct/P397","714","55","1","1.785","1.0","2.0"
"http://www.wikidata.org/prop/direct/P927","698","21","1","2.096096096096096","1.0","4.0"
"http://www.wikidata.org/prop/direct/P1026","695","1","1","1.0","1.0","1.0"
"http://www.wikidata.org/prop/direct/P450","689","8","1","2.259016393442623","1.0","4.0"
"http://www.wikidata.org/prop/direct/P1204","665","1","1","1.0","1.0","1.0"
"http://www.wikidata.org/prop/direct/P914","665","184","100","133.0","106.0","165.20000000000002"
"http://www.wikidata.org/prop/direct/P2389","664","2","1","1.0106544901065448","1.0","1.0"
"http://www.wikidata.org/prop/direct/P4312","659","454","205","329.5","229.9","429.1"
"http://www.wikidata.org/prop/direct/P1999","658","160","1","82.25","2.4","154.4"
"http://www.wikidata.org/prop/direct/P3433","657","102","1","3.9107142857142856","1.0","6.0"
"http://www.wikidata.org/prop/direct/P1321","655","28","1","1.4988558352402745","1.0","2.0"
"http://www.wikidata.org/prop/direct/P2564","652","224","1","72.44444444444444","1.0","223.2"
"http://www.wikidata.org/prop/direct/P1879","628","143","1","44.857142857142854","1.3","122.6"
"http://www.wikidata.org/prop/direct/P1308","624","6","1","1.0522765598650927","1.0","1.0"
"http://www.wikidata.org/prop/direct/P38","615","47","1","2.212230215827338","1.0","4.0"
"http://www.wikidata.org/prop/direct/P2408","610","102","1","3.1122448979591835","1.0","4.0"
"http://www.wikidata.org/prop/direct/P2567","606","8","1","1.2651356993736953","1.0","2.0"
"http://www.wikidata.org/prop/direct/P5105","603","166","5","86.14285714285714","25.400000000000002","150.4"
"http://www.wikidata.org/prop/direct/P4647","601","37","1","2.453061224489796","1.0","5.0"
"http://www.wikidata.org/prop/direct/P765","598","243","1","37.375","1.0","142.0"
"http://www.wikidata.org/prop/direct/P3489","580","201","2","44.61538461538461","4.4","79.20000000000002"
"http://www.wikidata.org/prop/direct/P248","577","296","1","4.3059701492537314","1.0","4.0"
"http://www.wikidata.org/prop/direct/P837","574","12","1","1.7393939393939395","1.0","3.0"
"http://www.wikidata.org/prop/direct/P3402","571","200","1","95.16666666666667","2.0","187.0"
"http://www.wikidata.org/prop/direct/P1387","564","92","1","7.943661971830986","1.0","4.0"
"http://www.wikidata.org/prop/direct/P1151","562","3","1","1.0181159420289856","1.0","1.0"
"http://www.wikidata.org/prop/direct/P5280","559","30","1","4.3","1.0","10.0"
"http://www.wikidata.org/prop/direct/P122","550","95","1","4.508196721311475","1.0","7.0"
"http://www.wikidata.org/prop/direct/P5053","549","32","1","3.519230769230769","1.0","9.0"
"http://www.wikidata.org/prop/direct/P5277","548","277","2","60.888888888888886","6.800000000000001","100.20000000000005"
"http://www.wikidata.org/prop/direct/P1885","539","2","1","1.0037243947858474","1.0","1.0"
"http://www.wikidata.org/prop/direct/P853","537","258","49","107.4","51.0","196.0"
"http://www.wikidata.org/prop/direct/P4952","531","513","1","177.0","4.2","413.8"
"http://www.wikidata.org/prop/direct/P2545","522","333","2","65.25","2.0","212.59999999999997"
"http://www.wikidata.org/prop/direct/P2758","517","383","1","86.16666666666667","1.0","224.0"
"http://www.wikidata.org/prop/direct/P111","513","213","1","5.516129032258065","1.0","4.0"
"http://www.wikidata.org/prop/direct/P1657","493","229","3","70.42857142857143","3.6","184.00000000000003"
"http://www.wikidata.org/prop/direct/P5816","488","292","2","122.0","2.3","261.70000000000005"
"http://www.wikidata.org/prop/direct/P552","482","340","3","68.85714285714286","3.0","194.20000000000007"
"http://www.wikidata.org/prop/direct/P483","481","75","1","2.614130434782609","1.0","4.700000000000017"
"http://www.wikidata.org/prop/direct/P4044","480","19","1","2.7906976744186047","1.0","6.0"
"http://www.wikidata.org/prop/direct/P91","476","351","1","47.6","1.0","65.69999999999989"
"http://www.wikidata.org/prop/direct/P833","468","4","1","1.0636363636363637","1.0","1.0"
"http://www.wikidata.org/prop/direct/P690","455","46","1","4.333333333333333","1.0","8.600000000000009"
"http://www.wikidata.org/prop/direct/P3834","455","184","22","91.0","23.2","174.0"
"http://www.wikidata.org/prop/direct/P1073","445","12","1","1.4448051948051948","1.0","2.0"
"http://www.wikidata.org/prop/direct/P1414","433","154","1","7.732142857142857","1.0","7.0"
"http://www.wikidata.org/prop/direct/P505","429","7","1","1.6692607003891051","1.0","3.0"
"http://www.wikidata.org/prop/direct/P972","427","61","1","5.3375","1.0","12.100000000000009"
"http://www.wikidata.org/prop/direct/P1740","425","1","1","1.0","1.0","1.0"
"http://www.wikidata.org/prop/direct/P4873","425","4","1","1.3492063492063493","1.0","2.0"
"http://www.wikidata.org/prop/direct/P1299","408","3","1","1.02","1.0","1.0"
"http://www.wikidata.org/prop/direct/P3095","404","7","1","1.0687830687830688","1.0","1.0"
"http://www.wikidata.org/prop/direct/P5389","403","377","1","80.6","1.0","235.40000000000003"
"http://www.wikidata.org/prop/direct/P1049","398","77","1","4.738095238095238","1.0","9.100000000000009"
"http://www.wikidata.org/prop/direct/P157","396","13","1","1.203647416413374","1.0","1.1999999999999886"
"http://www.wikidata.org/prop/direct/P2882","389","8","1","1.6623931623931625","1.0","3.0"
"http://www.wikidata.org/prop/direct/P553","387","63","1","3.1463414634146343","1.0","6.0"
"http://www.wikidata.org/prop/direct/P2184","385","2","1","1.0052219321148825","1.0","1.0"
"http://www.wikidata.org/prop/direct/P263","384","10","1","1.0878186968838528","1.0","1.0"
"http://www.wikidata.org/prop/direct/P1312","377","80","1","6.981481481481482","1.0","15.400000000000006"
"http://www.wikidata.org/prop/direct/P208","369","43","1","1.1353846153846154","1.0","1.0"
"http://www.wikidata.org/prop/direct/P1639","359","1","1","1.0","1.0","1.0"
"http://www.wikidata.org/prop/direct/P2851","358","177","1","13.76923076923077","1.0","27.0"
"http://www.wikidata.org/prop/direct/P470","349","52","1","14.541666666666666","2.0","36.7"
"http://www.wikidata.org/prop/direct/P783","347","252","3","57.833333333333336","6.5","146.0"
"http://www.wikidata.org/prop/direct/P1268","346","5","1","1.0484848484848486","1.0","1.0"
"http://www.wikidata.org/prop/direct/P3342","341","6","1","1.1143790849673203","1.0","1.0"
"http://www.wikidata.org/prop/direct/P5623","341","208","10","113.66666666666667","32.6","191.0"
"http://www.wikidata.org/prop/direct/P2579","340","10","1","1.3991769547325104","1.0","2.0"
"http://www.wikidata.org/prop/direct/P788","335","206","5","111.66666666666667","28.8","189.6"
"http://www.wikidata.org/prop/direct/P1336","332","148","1","7.904761904761905","1.0","15.29999999999999"
"http://www.wikidata.org/prop/direct/P532","329","219","1","4.7","1.0","2.1000000000000014"
"http://www.wikidata.org/prop/direct/P3216","327","109","4","54.5","17.0","99.5"
"http://www.wikidata.org/prop/direct/P3822","323","85","5","40.375","7.1","85.0"
"http://www.wikidata.org/prop/direct/P2578","316","4","1","1.0604026845637584","1.0","1.0"
"http://www.wikidata.org/prop/direct/P35","315","22","1","1.1753731343283582","1.0","1.0"
"http://www.wikidata.org/prop/direct/P193","315","20","1","1.7696629213483146","1.0","3.0"
"http://www.wikidata.org/prop/direct/P1075","312","2","1","1.0064516129032257","1.0","1.0"
"http://www.wikidata.org/prop/direct/P1596","312","186","1","8.666666666666666","1.0","6.5"
"http://www.wikidata.org/prop/direct/P785","309","115","1","51.5","11.0","100.0"
"http://www.wikidata.org/prop/direct/P631","307","30","1","1.8950617283950617","1.0","2.9000000000000057"
"http://www.wikidata.org/prop/direct/P618","305","39","1","4.0131578947368425","1.0","8.0"
"http://www.wikidata.org/prop/direct/P92","305","39","1","1.5803108808290156","1.0","2.0"
"http://www.wikidata.org/prop/direct/P4608","301","146","1","5.016666666666667","1.0","9.100000000000001"
"http://www.wikidata.org/prop/direct/P823","297","13","1","1.375","1.0","1.5"
"http://www.wikidata.org/prop/direct/P4810","295","44","1","6.020408163265306","1.0","19.000000000000085"
"http://www.wikidata.org/prop/direct/P1455","292","8","1","1.1450980392156862","1.0","1.0"
"http://www.wikidata.org/prop/direct/P784","292","184","1","29.2","3.7","41.79999999999994"
"http://www.wikidata.org/prop/direct/P4329","292","6","1","1.028169014084507","1.0","1.0"
"http://www.wikidata.org/prop/direct/P2033","291","1","1","1.0","1.0","1.0"
"http://www.wikidata.org/prop/direct/P5030","291","4","1","1.132295719844358","1.0","1.4000000000000057"
"http://www.wikidata.org/prop/direct/P2012","286","61","1","3.2134831460674156","1.0","4.0"
"http://www.wikidata.org/prop/direct/P880","285","63","1","3.097826086956522","1.0","4.0"
"http://www.wikidata.org/prop/direct/P748","278","33","1","2.278688524590164","1.0","3.9000000000000057"
"http://www.wikidata.org/prop/direct/P1582","278","19","1","1.125506072874494","1.0","1.0"
"http://www.wikidata.org/prop/direct/P2341","274","3","1","1.0378787878787878","1.0","1.0"
"http://www.wikidata.org/prop/direct/P5572","271","166","105","135.5","111.1","159.9"
"http://www.wikidata.org/prop/direct/P795","269","102","1","15.823529411764707","1.0","30.800000000000004"
"http://www.wikidata.org/prop/direct/P1576","264","108","1","8.8","1.0","16.800000000000026"
"http://www.wikidata.org/prop/direct/P3966","261","46","1","5.4375","1.0","19.200000000000017"
"http://www.wikidata.org/prop/direct/P1672","261","3","1","1.096638655462185","1.0","1.0"
"http://www.wikidata.org/prop/direct/P3438","260","11","1","1.4285714285714286","1.0","2.0"
"http://www.wikidata.org/prop/direct/P3354","253","11","1","2.364485981308411","1.0","6.0"
"http://www.wikidata.org/prop/direct/P787","250","104","1","12.5","2.0","20.300000000000033"
"http://www.wikidata.org/prop/direct/P4913","248","19","1","1.837037037037037","1.0","4.0"
"http://www.wikidata.org/prop/direct/P944","247","215","1","49.4","1.0","138.60000000000002"
"http://www.wikidata.org/prop/direct/P85","246","21","1","1.3225806451612903","1.0","2.0"
"http://www.wikidata.org/prop/direct/P3275","244","8","1","1.7304964539007093","1.0","3.0"
"http://www.wikidata.org/prop/direct/P1074","243","3","1","1.0340425531914894","1.0","1.0"
"http://www.wikidata.org/prop/direct/P1445","240","1","1","1.0","1.0","1.0"
"http://www.wikidata.org/prop/direct/P3301","240","11","1","1.411764705882353","1.0","2.0"
"http://www.wikidata.org/prop/direct/P4791","240","5","1","1.170731707317073","1.0","2.0"
"http://www.wikidata.org/prop/direct/P199","236","10","1","1.102803738317757","1.0","1.0"
"http://www.wikidata.org/prop/direct/P2846","235","152","2","47.0","2.0","121.60000000000001"
"http://www.wikidata.org/prop/direct/P2633","233","2","1","1.0043103448275863","1.0","1.0"
"http://www.wikidata.org/prop/direct/P3320","230","3","1","1.1004784688995215","1.0","1.0"
"http://www.wikidata.org/prop/direct/P786","229","171","4","45.8","5.6","115.80000000000001"
"http://www.wikidata.org/prop/direct/P1347","228","177","1","22.8","1.0","45.59999999999995"
"http://www.wikidata.org/prop/direct/P770","227","28","1","2.141509433962264","1.0","4.5"
"http://www.wikidata.org/prop/direct/P3815","226","38","1","7.290322580645161","1.0","18.0"
"http://www.wikidata.org/prop/direct/P3150","222","4","1","1.361963190184049","1.0","2.0"
"http://www.wikidata.org/prop/direct/P5125","217","1","1","1.0","1.0","1.0"
"http://www.wikidata.org/prop/direct/P789","216","73","5","30.857142857142858","8.600000000000001","61.6"
"http://www.wikidata.org/prop/direct/P2438","215","5","1","1.2078651685393258","1.0","2.0"
"http://www.wikidata.org/prop/direct/P534","214","147","1","12.588235294117647","1.0","15.600000000000003"
"http://www.wikidata.org/prop/direct/P1654","213","104","1","21.3","1.9","75.19999999999999"
"http://www.wikidata.org/prop/direct/P1002","212","40","1","6.625","1.0","15.0"
"http://www.wikidata.org/prop/direct/P3300","210","8","1","1.381578947368421","1.0","2.0"
"http://www.wikidata.org/prop/direct/P5873","209","70","1","3.4833333333333334","1.0","8.100000000000001"
"http://www.wikidata.org/prop/direct/P2756","206","136","3","51.5","9.9","107.50000000000001"
"http://www.wikidata.org/prop/direct/P134","204","1","1","1.0","1.0","1.0"
"http://www.wikidata.org/prop/direct/P2975","202","7","1","1.3557046979865772","1.0","2.0"
"http://www.wikidata.org/prop/direct/P797","190","5","1","1.165644171779141","1.0","2.0"
"http://www.wikidata.org/prop/direct/P832","189","11","1","1.4210526315789473","1.0","2.0"
"http://www.wikidata.org/prop/direct/P1419","189","26","1","1.9894736842105263","1.0","4.0"
"http://www.wikidata.org/prop/direct/P3501","184","112","1","26.285714285714285","1.0","82.00000000000001"
"http://www.wikidata.org/prop/direct/P1809","183","21","1","2.010989010989011","1.0","3.0"
"http://www.wikidata.org/prop/direct/P533","182","10","1","1.2907801418439717","1.0","2.0"
"http://www.wikidata.org/prop/direct/P522","181","132","1","12.066666666666666","1.0","8.2"
"http://www.wikidata.org/prop/direct/P1557","180","4","1","1.0975609756097562","1.0","1.0"
"http://www.wikidata.org/prop/direct/P406","179","1","1","1.0","1.0","1.0"
"http://www.wikidata.org/prop/direct/P2853","179","45","1","12.785714285714286","1.3","22.7"
"http://www.wikidata.org/prop/direct/P453","178","55","1","7.416666666666667","1.0","34.89999999999997"
"http://www.wikidata.org/prop/direct/P3975","175","3","1","1.0174418604651163","1.0","1.0"
"http://www.wikidata.org/prop/direct/P2852","174","36","1","2.5970149253731343","1.0","4.399999999999999"
"http://www.wikidata.org/prop/direct/P167","173","2","1","1.005813953488372","1.0","1.0"
"http://www.wikidata.org/prop/direct/P2629","170","70","1","21.25","1.7000000000000002","55.3"
"http://www.wikidata.org/prop/direct/P415","169","57","1","4.333333333333333","1.0","6.0"
"http://www.wikidata.org/prop/direct/P1283","169","1","1","1.0","1.0","1.0"
"http://www.wikidata.org/prop/direct/P1531","166","5","1","1.1857142857142857","1.0","2.0"
"http://www.wikidata.org/prop/direct/P2291","164","12","1","2.3768115942028984","1.0","5.0"
"http://www.wikidata.org/prop/direct/P3729","162","2","1","1.0188679245283019","1.0","1.0"
"http://www.wikidata.org/prop/direct/P3730","161","2","1","1.0320512820512822","1.0","1.0"
"http://www.wikidata.org/prop/direct/P1876","160","15","1","3.1372549019607843","1.0","9.0"
"http://www.wikidata.org/prop/direct/P3355","160","36","1","2.622950819672131","1.0","4.0"
"http://www.wikidata.org/prop/direct/P3091","159","2","1","1.0529801324503312","1.0","1.0"
"http://www.wikidata.org/prop/direct/P3085","159","5","1","1.382608695652174","1.0","2.0"
"http://www.wikidata.org/prop/direct/P5096","155","8","1","1.4090909090909092","1.0","2.1000000000000085"
"http://www.wikidata.org/prop/direct/P3428","154","73","3","38.5","11.4","65.2"
"http://www.wikidata.org/prop/direct/P2881","154","5","1","1.711111111111111","1.0","3.0"
"http://www.wikidata.org/prop/direct/P457","151","8","1","1.1102941176470589","1.0","1.0"
"http://www.wikidata.org/prop/direct/P1881","151","2","1","1.0066666666666666","1.0","1.0"
"http://www.wikidata.org/prop/direct/P1158","151","47","1","15.1","1.0","32.599999999999994"
"http://www.wikidata.org/prop/direct/P805","150","6","1","1.094890510948905","1.0","1.0"
"http://www.wikidata.org/prop/direct/P66","150","3","1","1.1278195488721805","1.0","1.0"
"http://www.wikidata.org/prop/direct/P1432","149","2","1","1.0136054421768708","1.0","1.0"
"http://www.wikidata.org/prop/direct/P807","148","3","1","1.15625","1.0","2.0"
"http://www.wikidata.org/prop/direct/P2500","148","3","1","1.0206896551724138","1.0","1.0"
"http://www.wikidata.org/prop/direct/P1046","147","65","1","24.5","2.5","57.0"
"http://www.wikidata.org/prop/direct/P872","146","10","1","1.46","1.0","2.0"
"http://www.wikidata.org/prop/direct/P720","144","53","1","10.285714285714286","1.0","30.800000000000026"
"http://www.wikidata.org/prop/direct/P1201","144","68","1","18.0","1.0","46.3"
"http://www.wikidata.org/prop/direct/P790","144","32","1","2.526315789473684","1.0","3.799999999999997"
"http://www.wikidata.org/prop/direct/P3871","144","81","63","72.0","64.8","79.2"
"http://www.wikidata.org/prop/direct/P3403","141","2","1","1.014388489208633","1.0","1.0"
"http://www.wikidata.org/prop/direct/P751","138","92","1","2.9361702127659575","1.0","1.0"
"http://www.wikidata.org/prop/direct/P3195","137","58","1","19.571428571428573","1.0","53.8"
"http://www.wikidata.org/prop/direct/P2550","137","2","1","1.0458015267175573","1.0","1.0"
"http://www.wikidata.org/prop/direct/P2499","137","3","1","1.0538461538461539","1.0","1.0"
"http://www.wikidata.org/prop/direct/P4324","136","10","1","2.3448275862068964","1.0","7.0"
"http://www.wikidata.org/prop/direct/P2992","135","132","3","67.5","15.900000000000002","119.1"
"http://www.wikidata.org/prop/direct/P822","135","3","1","1.062992125984252","1.0","1.0"
"http://www.wikidata.org/prop/direct/P1398","134","2","1","1.0075187969924813","1.0","1.0"
"http://www.wikidata.org/prop/direct/P694","133","2","1","1.015267175572519","1.0","1.0"
"http://www.wikidata.org/prop/direct/P4322","131","3","1","1.0396825396825398","1.0","1.0"
"http://www.wikidata.org/prop/direct/P1906","131","4","1","1.0916666666666666","1.0","1.0"
"http://www.wikidata.org/prop/direct/P1589","130","16","1","1.625","1.0","2.0"
"http://www.wikidata.org/prop/direct/P812","130","7","1","1.8840579710144927","1.0","4.200000000000003"
"http://www.wikidata.org/prop/direct/P1546","129","69","1","2.6875","1.0","2.0"
"http://www.wikidata.org/prop/direct/P588","128","57","1","14.222222222222221","1.0","44.2"
"http://www.wikidata.org/prop/direct/P1363","127","2","1","1.0583333333333333","1.0","1.0"
"http://www.wikidata.org/prop/direct/P942","125","2","1","1.0080645161290323","1.0","1.0"
"http://www.wikidata.org/prop/direct/P542","124","3","1","1.117117117117117","1.0","1.0"
"http://www.wikidata.org/prop/direct/P1322","123","2","1","1.0081967213114753","1.0","1.0"
"http://www.wikidata.org/prop/direct/P2937","121","33","1","2.0166666666666666","1.0","3.0"
"http://www.wikidata.org/prop/direct/P1478","120","6","1","1.1650485436893203","1.0","1.0"
"http://www.wikidata.org/prop/direct/P78","118","3","1","1.0825688073394495","1.0","1.0"
"http://www.wikidata.org/prop/direct/P4634","118","51","2","13.11111111111111","2.0","27.000000000000007"
"http://www.wikidata.org/prop/direct/P1035","117","16","1","2.0892857142857144","1.0","3.5"
"http://www.wikidata.org/prop/direct/P2925","117","10","1","1.1938775510204083","1.0","1.0"
"http://www.wikidata.org/prop/direct/P3174","117","12","1","1.3928571428571428","1.0","2.0"
"http://www.wikidata.org/prop/direct/P1479","117","2","1","1.0636363636363637","1.0","1.0"
"http://www.wikidata.org/prop/direct/P2848","116","113","1","29.0","1.0","79.40000000000002"
"http://www.wikidata.org/prop/direct/P1731","116","46","1","5.043478260869565","1.0","7.800000000000001"
"http://www.wikidata.org/prop/direct/P562","116","3","1","1.0841121495327102","1.0","1.0"
"http://www.wikidata.org/prop/direct/P3989","114","8","1","1.8095238095238095","1.0","3.8000000000000043"
"http://www.wikidata.org/prop/direct/P3818","114","49","16","28.5","18.4","41.800000000000004"
"http://www.wikidata.org/prop/direct/P3032","114","2","1","1.0458715596330275","1.0","1.0"
"http://www.wikidata.org/prop/direct/P1595","111","42","1","3.1714285714285713","1.0","7.0"
"http://www.wikidata.org/prop/direct/P2770","109","40","1","9.909090909090908","1.0","30.0"
"http://www.wikidata.org/prop/direct/P4743","108","19","1","2.347826086956522","1.0","3.5"
"http://www.wikidata.org/prop/direct/P114","106","42","1","5.888888888888889","1.0","19.700000000000006"
"http://www.wikidata.org/prop/direct/P5769","105","2","1","1.0194174757281553","1.0","1.0"
"http://www.wikidata.org/prop/direct/P3496","105","6","1","2.1","1.0","6.0"
"http://www.wikidata.org/prop/direct/P2679","104","4","1","1.0721649484536082","1.0","1.0"
"http://www.wikidata.org/prop/direct/P3259","104","83","1","10.4","1.0","13.699999999999973"
"http://www.wikidata.org/prop/direct/P612","101","7","1","1.4225352112676057","1.0","2.0"
"http://www.wikidata.org/prop/direct/P468","100","20","1","5.555555555555555","1.0","9.3"
"http://www.wikidata.org/prop/direct/P2738","100","94","1","14.285714285714286","1.0","38.20000000000004"
"http://www.wikidata.org/prop/direct/P589","100","10","1","3.125","1.0","6.0"
"http://www.wikidata.org/prop/direct/P3592","97","6","1","2.4871794871794872","1.0","4.0"
"http://www.wikidata.org/prop/direct/P3310","97","4","1","1.7962962962962963","1.0","3.0"
"http://www.wikidata.org/prop/direct/P3931","95","7","1","1.6379310344827587","1.0","3.3000000000000043"
"http://www.wikidata.org/prop/direct/P2637","94","34","1","18.8","6.6","31.2"
"http://www.wikidata.org/prop/direct/P4915","93","3","1","1.6607142857142858","1.0","3.0"
"http://www.wikidata.org/prop/direct/P831","93","5","1","1.4307692307692308","1.0","2.6000000000000014"
"http://www.wikidata.org/prop/direct/P5249","92","9","1","1.4838709677419355","1.0","3.0"
"http://www.wikidata.org/prop/direct/P1574","91","6","1","1.5689655172413792","1.0","3.0"
"http://www.wikidata.org/prop/direct/P2989","90","15","1","5.625","2.5","11.5"
"http://www.wikidata.org/prop/direct/P5150","89","34","8","22.25","12.5","31.0"
"http://www.wikidata.org/prop/direct/P2652","88","4","1","1.1","1.0","1.0"
"http://www.wikidata.org/prop/direct/P3448","88","2","1","1.0476190476190477","1.0","1.0"
"http://www.wikidata.org/prop/direct/P3176","88","4","1","1.2753623188405796","1.0","2.0"
"http://www.wikidata.org/prop/direct/P4969","87","1","1","1.0","1.0","1.0"
"http://www.wikidata.org/prop/direct/P1817","87","12","1","1.851063829787234","1.0","3.0"
"http://www.wikidata.org/prop/direct/P1840","86","19","1","1.6862745098039216","1.0","2.0"
"http://www.wikidata.org/prop/direct/P1165","85","16","1","1.8888888888888888","1.0","2.6000000000000014"
"http://www.wikidata.org/prop/direct/P2872","84","4","1","1.05","1.0","1.0"
"http://www.wikidata.org/prop/direct/P4586","83","11","1","2.59375","1.0","6.900000000000002"
"http://www.wikidata.org/prop/direct/P501","82","2","1","1.1388888888888888","1.0","2.0"
"http://www.wikidata.org/prop/direct/P3189","78","4","1","1.7333333333333334","1.0","3.0"
"http://www.wikidata.org/prop/direct/P624","78","16","1","4.875","1.0","13.0"
"http://www.wikidata.org/prop/direct/P2286","78","2","1","1.1304347826086956","1.0","2.0"
"http://www.wikidata.org/prop/direct/P3025","77","30","1","6.416666666666667","1.0","7.9"
"http://www.wikidata.org/prop/direct/P3173","77","13","1","1.2222222222222223","1.0","1.0"
"http://www.wikidata.org/prop/direct/P1622","77","52","25","38.5","27.7","49.300000000000004"
"http://www.wikidata.org/prop/direct/P567","75","2","1","1.056338028169014","1.0","1.0"
"http://www.wikidata.org/prop/direct/P1594","74","9","1","1.4509803921568627","1.0","2.0"
"http://www.wikidata.org/prop/direct/P568","74","2","1","1.0136986301369864","1.0","1.0"
"http://www.wikidata.org/prop/direct/P2155","73","2","1","1.028169014084507","1.0","1.0"
"http://www.wikidata.org/prop/direct/P517","72","37","11","18.0","11.0","29.800000000000004"
"http://www.wikidata.org/prop/direct/P2360","71","3","1","1.1833333333333333","1.0","2.0"
"http://www.wikidata.org/prop/direct/P1678","71","23","1","2.6296296296296298","1.0","4.400000000000002"
"http://www.wikidata.org/prop/direct/P3179","71","2","1","1.0441176470588236","1.0","1.0"
"http://www.wikidata.org/prop/direct/P5522","70","40","1","11.666666666666666","1.0","31.5"
"http://www.wikidata.org/prop/direct/P881","70","7","1","3.1818181818181817","1.0","6.0"
"http://www.wikidata.org/prop/direct/P2825","70","2","1","1.044776119402985","1.0","1.0"
"http://www.wikidata.org/prop/direct/P3261","69","8","1","1.864864864864865","1.0","4.0"
"http://www.wikidata.org/prop/direct/P4428","69","8","1","1.4680851063829787","1.0","2.0"
"http://www.wikidata.org/prop/direct/P878","69","4","1","1.3269230769230769","1.0","2.0"
"http://www.wikidata.org/prop/direct/P1640","69","4","1","1.1311475409836065","1.0","1.0"
"http://www.wikidata.org/prop/direct/P3262","69","1","1","1.0","1.0","1.0"
"http://www.wikidata.org/prop/direct/P744","67","29","1","4.785714285714286","1.0","10.800000000000004"
"http://www.wikidata.org/prop/direct/P2674","65","2","1","1.0317460317460319","1.0","1.0"
"http://www.wikidata.org/prop/direct/P2378","65","2","1","1.0833333333333333","1.0","1.0"
"http://www.wikidata.org/prop/direct/P4446","65","9","1","2.1666666666666665","1.0","4.0"
"http://www.wikidata.org/prop/direct/P3075","64","9","1","2.3703703703703702","1.0","5.400000000000002"
"http://www.wikidata.org/prop/direct/P943","63","7","1","1.4","1.0","2.0"
"http://www.wikidata.org/prop/direct/P2827","63","19","1","5.25","1.0","11.700000000000001"
"http://www.wikidata.org/prop/direct/P1611","62","8","1","3.4444444444444446","1.0","7.0"
"http://www.wikidata.org/prop/direct/P2384","62","18","1","2.5833333333333335","1.0","4.0"
"http://www.wikidata.org/prop/direct/P2673","61","2","1","1.0166666666666666","1.0","1.0"
"http://www.wikidata.org/prop/direct/P634","60","1","1","1.0","1.0","1.0"
"http://www.wikidata.org/prop/direct/P4875","60","2","1","1.25","1.0","2.0"
"http://www.wikidata.org/prop/direct/P2869","60","2","1","1.0526315789473684","1.0","1.0"
"http://www.wikidata.org/prop/direct/P3833","59","11","1","2.36","1.0","6.000000000000007"
"http://www.wikidata.org/prop/direct/P3828","59","13","1","1.3409090909090908","1.0","1.0"
"http://www.wikidata.org/prop/direct/P3359","59","5","1","1.84375","1.0","4.900000000000002"
"http://www.wikidata.org/prop/direct/P3190","59","4","1","1.1346153846153846","1.0","1.0"
"http://www.wikidata.org/prop/direct/P3015","59","3","1","1.3111111111111111","1.0","2.0"
"http://www.wikidata.org/prop/direct/P924","58","4","1","1.2340425531914894","1.0","2.0"
"http://www.wikidata.org/prop/direct/P2512","57","1","1","1.0","1.0","1.0"
"http://www.wikidata.org/prop/direct/P923","57","5","1","1.5","1.0","3.3000000000000043"
"http://www.wikidata.org/prop/direct/P3005","56","1","1","1.0","1.0","1.0"
"http://www.wikidata.org/prop/direct/P1880","56","2","1","1.1428571428571428","1.0","2.0"
"http://www.wikidata.org/prop/direct/P5059","56","8","1","1.3333333333333333","1.0","2.0"
"http://www.wikidata.org/prop/direct/P4884","55","15","1","5.0","1.0","14.0"
"http://www.wikidata.org/prop/direct/P500","54","3","1","1.148936170212766","1.0","1.3999999999999986"
"http://www.wikidata.org/prop/direct/P4584","53","4","1","1.2045454545454546","1.0","2.0"
"http://www.wikidata.org/prop/direct/P5021","53","11","1","2.789473684210526","1.0","6.799999999999997"
"http://www.wikidata.org/prop/direct/P2737","53","37","1","3.1176470588235294","1.0","1.0"
"http://www.wikidata.org/prop/direct/P4330","52","3","1","1.0612244897959184","1.0","1.0"
"http://www.wikidata.org/prop/direct/P1951","50","5","1","1.2195121951219512","1.0","2.0"
"http://www.wikidata.org/prop/direct/P4321","50","1","1","1.0","1.0","1.0"
"http://www.wikidata.org/prop/direct/P3033","50","17","1","4.545454545454546","1.0","9.0"
